URL,Birthday,Birth Date,Country,Defending - Aerial duels won,Defending - Aerial duels won %,Defending - Blocked,Defending - Dribbled past,Defending - Duels won,Defending - Duels won %,Defending - Fouls committed,Defending - Interceptions,Defending - Penalties conceded,Defending - Possession won final 3rd,Defending - Recoveries,Defending - Tackles won,Defending - Tackles won %,Discipline - Red cards,Discipline - Yellow cards,Height,Market value,Passing - Accurate long balls,Passing - Assists,Passing - Chances created,Passing - Cross accuracy,Passing - Expected assists (xA),Passing - Long ball accuracy,Passing - Pass accuracy,Passing - Successful crosses,Passing - Successful passes,Possession - Dispossessed,Possession - Dribble success,Possession - Fouls won,Possession - Penalties awarded,Possession - Successful dribbles,Possession - Touches,Possession - Touches in opposition box,Preferred foot,Shirt,ShootingRank - Expected goals (xG),ShootingRank - Goals,ShootingRank - Non-penalty xG,ShootingRank - Penalty goals,ShootingRank - Shots,ShootingRank - Shots on target,Trait - Aerial duels won,Trait - Chances created,Trait - Defensive actions,Trait - Goals,Trait - Shot attempts,Trait - Touches,ShootingRank - xG on target (xGOT),Minutes Played
https://www.fotmob.com/players/322049/fred,,"Mar 5, 1993",Brazil,3.0,18.8%,3.0,18.0,60.0,43.5%,25.0,16.0,1.0,8.0,105.0,17.0,58.6%,0.0,2.0,169 cm,€18M,60.0,1.0,12.0,38.5%,,73.2%,86.3%,5.0,664,18.0,62.5%,18.0,,10.0,988,12.0,Left,13.0,,1.0,,,17.0,2.0,10%,57%,46%,71%,74%,94%,,
https://www.fotmob.com/players/751550/diogo-dalot,,"Mar 18, 1999",Portugal,22.0,81.5%,5.0,5.0,59.0,66.3%,12.0,10.0,1.0,,53.0,12.0,50.0%,0.0,3.0,183 cm,€43M,9.0,2.0,17.0,28.0%,,25.7%,70.9%,14.0,300,4.0,68.8%,2.0,,11.0,721,21.0,Right,20.0,,0.0,,,15.0,,72%,78%,44%,72%,64%,52%,,
https://www.fotmob.com/players/201738/ben-gibson,,"Jan 15, 1993",England,2.0,33.3%,,,3.0,37.5%,2.0,,,,3.0,1.0,100.0%,0.0,1.0,185 cm,€1.5M,1.0,0.0,,,,11.1%,66.7%,,22,0.0,,,,,39,1.0,Left,23.0,,1.0,,,1.0,1.0,61%,9%,32%,93%,26%,88%,,
https://www.fotmob.com/players/196308/matej-vydra,,"May 1, 1992",Czech Republic,5.0,29.4%,,3.0,11.0,24.4%,7.0,1.0,,2.0,8.0,1.0,50.0%,0.0,1.0,180 cm,€850K,1.0,1.0,2.0,,,25.0%,64.4%,,47,8.0,42.9%,1.0,,3.0,138,16.0,Right,11.0,,1.0,,,6.0,3.0,,,,,,,,
https://www.fotmob.com/players/265116/bernard,,"Sep 8, 1992",Brazil,3.0,18.8%,9.0,40.0,119.0,43.9%,17.0,27.0,,20.0,180.0,30.0,61.2%,0.0,5.0,168 cm,€3M,16.0,3.0,41.0,27.5%,,29.6%,75.3%,14.0,607,40.0,48.8%,27.0,,40.0,"1,298",77.0,Right,11.0,,1.0,,,23.0,5.0,0%,98%,30%,65%,36%,65%,,
https://www.fotmob.com/players/493165/james-maddison,,"Nov 23, 1996",England,11.0,24.4%,24.0,44.0,187.0,53.4%,25.0,12.0,,13.0,126.0,32.0,66.7%,1.0,3.0,175 cm,€75M,79.0,7.0,100.0,32.7%,,65.8%,83.8%,67.0,"1,176",38.0,68.5%,78.0,2.0,50.0,"2,098",88.0,Right,10.0,,7.0,,1.0,83.0,28.0,9%,95%,14%,98%,92%,86%,,
https://www.fotmob.com/players/43248/jonny-evans,,"Jan 3, 1988",Northern Ireland,72.0,65.5%,3.0,5.0,113.0,62.8%,21.0,33.0,1.0,1.0,113.0,13.0,54.2%,0.0,2.0,188 cm,€2.3M,66.0,0.0,5.0,100.0%,,44.9%,84.7%,1.0,872,4.0,,17.0,,,"1,341",26.0,Both,35.0,,1.0,,,11.0,3.0,47%,0%,21%,90%,35%,66%,,
https://www.fotmob.com/players/442277/miguel-almiron,,"Feb 10, 1994",Paraguay,1.0,10.0%,5.0,6.0,45.0,57.0%,6.0,8.0,,9.0,61.0,12.0,60.0%,0.0,0.0,174 cm,€17M,8.0,0.0,13.0,33.3%,,80.0%,74.7%,7.0,180,6.0,50.0%,17.0,,7.0,409,28.0,Left,10.0,,0.0,,,19.0,8.0,4%,54%,35%,23%,59%,51%,,
https://www.fotmob.com/players/155050/federico-fernandez,,"Feb 21, 1989",Argentina,38.0,55.1%,1.0,8.0,60.0,52.6%,12.0,25.0,1.0,,78.0,12.0,75.0%,0.0,2.0,190 cm,€400K,73.0,1.0,5.0,40.0%,,48.7%,78.9%,2.0,482,4.0,,7.0,,,834,18.0,Right,,,0.0,,,4.0,1.0,79%,39%,47%,0%,49%,59%,,
https://www.fotmob.com/players/144996/sung-yueng-ki,,"Jan 24, 1989",South Korea,14.0,50.0%,2.0,9.0,47.0,50.0%,11.0,19.0,,4.0,94.0,10.0,71.4%,0.0,2.0,189 cm,,52.0,1.0,16.0,25.9%,,65.8%,85.1%,14.0,508,10.0,55.6%,16.0,,5.0,795,6.0,Right,6.0,,0.0,,,9.0,2.0,38%,86%,17%,0%,35%,77%,,
https://www.fotmob.com/players/819762/chris-mepham,,"Nov 5, 1997",Wales,31.0,62.0%,,4.0,47.0,61.0%,7.0,14.0,,,47.0,3.0,33.3%,0.0,1.0,191 cm,€6.5M,17.0,1.0,2.0,,0.0,34.7%,79.8%,,323,2.0,100.0%,4.0,,3.0,532,9.0,Right,6.0,,0.0,,,2.0,,89%,62%,90%,35%,27%,54%,,
https://www.fotmob.com/players/674014/david-brooks,,"Jul 8, 1997",Wales,8.0,20.5%,8.0,25.0,114.0,42.9%,15.0,24.0,,18.0,115.0,26.0,70.3%,0.0,3.0,173 cm,€8.5M,21.0,5.0,30.0,24.2%,,41.2%,73.2%,8.0,626,42.0,37.5%,46.0,,24.0,"1,343",93.0,Left,7.0,,7.0,,,41.0,20.0,62%,84%,32%,34%,75%,58%,,
https://www.fotmob.com/players/306128/ricardo-pereira,,"Oct 6, 1993",Portugal,66.0,46.8%,10.0,57.0,300.0,55.1%,41.0,60.0,1.0,14.0,216.0,66.0,55.9%,0.0,7.0,175 cm,€8.5M,43.0,6.0,33.0,14.4%,,35.2%,78.1%,15.0,"1,196",34.0,61.8%,48.0,1.0,68.0,"2,679",79.0,Right,21.0,,2.0,,,25.0,9.0,68%,71%,64%,0%,16%,99%,,
https://www.fotmob.com/players/307438/fabian-balbuena,,"Aug 23, 1991",Paraguay,70.0,53.0%,3.0,26.0,114.0,51.8%,19.0,53.0,1.0,,102.0,20.0,50.0%,0.0,2.0,190 cm,€3.3M,51.0,0.0,3.0,,,39.5%,79.4%,,661,2.0,100.0%,4.0,,1.0,"1,185",29.0,Right,3.0,,1.0,,,19.0,2.0,44%,93%,44%,87%,63%,34%,,
https://www.fotmob.com/players/520670/ken-sema,,"Sep 30, 1993",Sweden,20.0,52.6%,3.0,12.0,64.0,43.0%,13.0,8.0,,4.0,33.0,7.0,43.8%,0.0,1.0,177 cm,€1.6M,,2.0,8.0,10.0%,,,72.5%,1.0,171,28.0,57.6%,9.0,,19.0,419,34.0,Both,12.0,,1.0,,,12.0,4.0,55%,86%,13%,58%,78%,14%,,
https://www.fotmob.com/players/466890/alireza-jahanbakhsh,,"Aug 11, 1993",Iran,11.0,37.9%,5.0,19.0,62.0,37.8%,19.0,11.0,1.0,8.0,76.0,18.0,56.2%,0.0,2.0,181 cm,€2.4M,11.0,0.0,5.0,26.1%,,40.7%,69.3%,6.0,192,21.0,30.6%,8.0,,11.0,514,15.0,Right,30.0,,0.0,,,21.0,6.0,97%,57%,90%,32%,84%,93%,,
https://www.fotmob.com/players/831489/alexis-mac-allister,,"Dec 24, 1998",Argentina,3.0,20.0%,9.0,5.0,42.0,50.6%,8.0,2.0,,6.0,32.0,4.0,44.4%,0.0,1.0,174 cm,€70M,19.0,1.0,18.0,25.0%,,57.6%,75.8%,10.0,182,8.0,58.3%,16.0,,14.0,401,7.0,Right,10.0,,2.0,,,22.0,5.0,21%,79%,64%,85%,66%,54%,,
https://www.fotmob.com/players/563065/percy-tau,,"May 13, 1994",South Africa,,,,,,,,,,,,,,,,175 cm,€1.4M,,,,,,,,,,,,,,,,,Left,10.0,,,,,,,,,,,,,,
https://www.fotmob.com/players/641344/anders-dreyer,,"May 2, 1998",Denmark,,,3.0,4.0,26.0,54.2%,4.0,3.0,,2.0,23.0,,,0.0,1.0,173 cm,€13M,7.0,1.0,7.0,26.7%,,53.8%,68.8%,8.0,88,6.0,60.9%,8.0,,14.0,241,25.0,Left,10.0,,1.0,,1.0,11.0,4.0,1%,88%,1%,80%,86%,49%,,
https://www.fotmob.com/players/492132/florent-hadergjonaj,,"Jul 31, 1994",Kosovo,23.0,50.0%,3.0,24.0,81.0,52.9%,11.0,21.0,1.0,6.0,106.0,17.0,56.7%,0.0,1.0,182 cm,€1.9M,33.0,0.0,23.0,24.2%,,34.0%,75.1%,22.0,545,3.0,45.5%,19.0,,10.0,"1,190",12.0,Right,94.0,,0.0,,,6.0,2.0,16%,78%,15%,93%,55%,64%,,
https://www.fotmob.com/players/614574/juninho-bacuna,,"Aug 7, 1997",CUW,17.0,43.6%,4.0,32.0,111.0,46.8%,33.0,23.0,1.0,16.0,121.0,29.0,63.0%,0.0,4.0,178 cm,€4.8M,58.0,0.0,18.0,26.5%,,48.3%,75.4%,9.0,539,17.0,52.0%,22.0,,26.0,"1,061",10.0,Right,10.0,,1.0,,,19.0,8.0,76%,20%,92%,64%,66%,68%,,
https://www.fotmob.com/players/586467/karlan-grant,,"Sep 18, 1997",England,10.0,16.9%,2.0,2.0,35.0,26.7%,8.0,2.0,,7.0,38.0,2.0,40.0%,0.0,0.0,183 cm,€4M,4.0,0.0,8.0,,,44.4%,69.8%,,148,24.0,46.2%,8.0,1.0,12.0,364,38.0,Right,18.0,,4.0,,,21.0,12.0,63%,35%,20%,54%,78%,39%,,
https://www.fotmob.com/players/261936/mohamed-elyounoussi,,"Aug 4, 1994",Norway,9.0,37.5%,5.0,13.0,48.0,46.6%,10.0,6.0,,2.0,44.0,11.0,68.8%,0.0,0.0,178 cm,€6.5M,8.0,0.0,15.0,27.1%,,50.0%,73.4%,13.0,163,8.0,52.6%,13.0,,10.0,410,28.0,Right,10.0,,0.0,,,20.0,6.0,80%,92%,48%,75%,94%,78%,,
https://www.fotmob.com/players/237563/stuart-armstrong,,"Mar 30, 1992",Scotland,17.0,43.6%,12.0,34.0,85.0,44.0%,20.0,12.0,1.0,19.0,80.0,20.0,71.4%,0.0,2.0,183 cm,€1.7M,21.0,2.0,29.0,16.7%,,63.6%,78.4%,4.0,482,25.0,67.9%,21.0,,19.0,904,41.0,Right,40.0,,3.0,,,32.0,12.0,22%,97%,17%,84%,93%,69%,,
https://www.fotmob.com/players/493647/adama-traore,,"Jan 25, 1996",Spain,22.0,37.9%,5.0,5.0,129.0,53.3%,15.0,6.0,,6.0,54.0,13.0,81.2%,0.0,1.0,178 cm,€9.5M,5.0,1.0,17.0,42.9%,0.42,55.6%,72.2%,15.0,195,45.0,80.2%,26.0,,65.0,629,47.0,Right,11.0,,1.0,,,19.0,7.0,86%,82%,16%,9%,33%,27%,,
https://www.fotmob.com/players/232253/benik-afobe,,"Feb 12, 1993",DR Congo,90.0,35.4%,11.0,15.0,166.0,37.9%,33.0,9.0,,8.0,73.0,17.0,63.0%,0.0,0.0,183 cm,€2M,4.0,2.0,17.0,30.4%,,40.0%,74.3%,7.0,416,46.0,44.1%,36.0,1.0,15.0,"1,010",121.0,Both,,,8.0,,2.0,51.0,23.0,,,,,,,,
https://www.fotmob.com/players/492045/josh-murphy,,"Feb 24, 1995",England,11.0,25.0%,11.0,20.0,128.0,45.1%,14.0,11.0,,12.0,89.0,17.0,65.4%,0.0,2.0,173 cm,€830K,13.0,2.0,16.0,18.9%,,26.0%,60.4%,14.0,186,38.0,41.1%,54.0,,37.0,809,80.0,Right,23.0,,3.0,,,46.0,15.0,38%,52%,23%,45%,86%,27%,,
https://www.fotmob.com/players/262550/bobby-reid,,"Feb 2, 1993",Jamaica,11.0,23.4%,8.0,5.0,69.0,44.8%,5.0,3.0,,6.0,62.0,9.0,56.2%,0.0,0.0,170 cm,€6M,5.0,2.0,16.0,33.3%,,25.0%,71.4%,2.0,222,29.0,61.5%,27.0,,16.0,541,54.0,Right,14.0,,5.0,,1.0,27.0,9.0,51%,13%,16%,30%,17%,24%,,
https://www.fotmob.com/players/193531/gregory-cunningham,,"Jan 31, 1991",Ireland,4.0,33.3%,,7.0,35.0,58.3%,8.0,17.0,,3.0,29.0,7.0,38.9%,0.0,3.0,183 cm,€300K,16.0,0.0,5.0,28.6%,,53.3%,73.7%,2.0,132,1.0,,13.0,,,309,5.0,Left,8.0,,0.0,,,2.0,1.0,8%,98%,11%,0%,62%,7%,,
https://www.fotmob.com/players/183500/leandro-bacuna,,"Aug 21, 1991",CUW,7.0,41.2%,1.0,14.0,30.0,41.7%,13.0,15.0,,5.0,39.0,10.0,66.7%,0.0,2.0,187 cm,€420K,9.0,0.0,1.0,28.6%,,37.5%,66.9%,2.0,97,5.0,71.4%,3.0,,5.0,254,2.0,Right,7.0,,0.0,,,5.0,1.0,50%,87%,14%,95%,97%,58%,,
https://www.fotmob.com/players/511987/alfie-mawson,,"Jan 19, 1994",England,32.0,60.4%,,4.0,48.0,60.8%,6.0,19.0,,,64.0,7.0,63.6%,0.0,2.0,188 cm,€2.2M,45.0,0.0,2.0,,,52.3%,82.4%,,393,0.0,,5.0,,,628,7.0,Right,,,0.0,,,2.0,1.0,,,,,,,,
https://www.fotmob.com/players/306128/ricardo-pereira,,"Oct 6, 1993",Portugal,66.0,46.8%,10.0,57.0,300.0,55.1%,41.0,60.0,1.0,14.0,216.0,66.0,55.9%,0.0,7.0,175 cm,€8.5M,43.0,6.0,33.0,14.4%,,35.2%,78.1%,15.0,"1,196",34.0,61.8%,48.0,1.0,68.0,"2,679",79.0,Right,21.0,,2.0,,,25.0,9.0,68%,71%,64%,0%,16%,99%,,
https://www.fotmob.com/players/246331/willy-boly,,"Feb 3, 1991",Ivory Coast,136.0,68.0%,4.0,22.0,248.0,65.4%,29.0,72.0,,1.0,213.0,52.0,61.2%,1.0,2.0,195 cm,€1.7M,85.0,0.0,11.0,,0.0,39.0%,81.0%,,"1,389",15.0,81.2%,14.0,,13.0,"2,236",34.0,Right,30.0,0.27,4.0,0.27,,24.0,6.0,75%,27%,69%,0%,8%,6%,,
https://www.fotmob.com/players/298676/joe-bryan,,"Sep 17, 1993",England,31.0,45.6%,7.0,18.0,135.0,54.9%,25.0,31.0,,3.0,125.0,41.0,67.2%,0.0,5.0,170 cm,€1.3M,47.0,1.0,24.0,19.1%,,37.3%,75.3%,22.0,716,18.0,53.6%,28.0,,15.0,"1,672",36.0,Left,15.0,,0.0,,,21.0,7.0,75%,82%,91%,40%,55%,69%,,
https://www.fotmob.com/players/30915/ryan-babel,,"Dec 19, 1986",Netherlands,15.0,44.1%,10.0,6.0,66.0,48.2%,14.0,6.0,,3.0,48.0,4.0,50.0%,0.0,3.0,185 cm,€340K,11.0,3.0,23.0,28.9%,,50.0%,82.9%,11.0,389,28.0,79.4%,16.0,,27.0,725,36.0,Right,,,5.0,,,27.0,9.0,,,,,,,,
https://www.fotmob.com/players/603537/angelino,,4-Jan-97,Spain,6.0,46.20%,2.0,2.0,17.0,53.10%,2.0,9.0,,2.0,29.0,2.0,40.00%,0.0,1.0,170 cm,€5M,7.0,0.0,9.0,20.90%,,26.90%,84.30%,9.0,285,3.0,80.00%,2.0,,4.0,490,11.0,Left,3.0,,0.0,,,5.0,,56%,92%,30%,81%,58%,62%,,
https://www.fotmob.com/players/408943/takumi-minamino,,16-Jan-95,Japan,3.0,37.50%,3.0,8.0,12.0,27.90%,7.0,,,2.0,12.0,3.0,100.00%,0.0,0.0,174 cm,€18M,2.0,0.0,1.0,50.00%,,66.70%,89.60%,1.0,95,5.0,40.00%,3.0,,4.0,158,13.0,Right,18.0,,0.0,,,8.0,2.0,65%,46%,50%,64%,57%,15%,,
https://www.fotmob.com/players/919435/sepp-van-den-berg,,20-Dec-01,Netherlands,10.0,83.30%,,,11.0,84.60%,,,,,7.0,1.0,100.00%,0.0,0.0,189 cm,€20M,5.0,0.0,,,,55.60%,84.80%,,84,0.0,,,,,105,,Right,4.0,,0.0,,,0.0,,90%,34%,43%,0%,67%,24%,,
https://www.fotmob.com/players/422685/bruno-fernandes,,8-Sep-94,Portugal,3.0,21.40%,7.0,33.0,54.0,42.90%,9.0,11.0,,10.0,67.0,12.0,54.50%,0.0,2.0,179 cm,€58M,46.0,7.0,30.0,18.70%,,52.90%,75.70%,14.0,588,13.0,71.40%,14.0,2.0,15.0,"1,056",42.0,Right,8.0,,8.0,,4.0,44.0,18.0,70%,95%,88%,69%,82%,97%,,
https://www.fotmob.com/players/564818/steven-bergwijn,,8-Oct-97,Netherlands,7.0,46.70%,3.0,8.0,35.0,45.50%,7.0,1.0,,2.0,39.0,6.0,60.00%,0.0,2.0,178 cm,€18.5M,,1.0,13.0,40.00%,,,86.10%,4.0,210,10.0,44.40%,10.0,1.0,8.0,370,21.0,Right,34.0,,3.0,,,9.0,4.0,12%,53%,13%,96%,78%,61%,,
https://www.fotmob.com/players/582499/kieran-tierney,,5-Jun-97,Scotland,9.0,37.50%,1.0,4.0,53.0,60.20%,8.0,9.0,1.0,4.0,60.0,16.0,80.00%,0.0,2.0,178 cm,€8M,18.0,1.0,6.0,18.20%,,37.50%,78.50%,8.0,346,5.0,80.00%,12.0,,12.0,711,15.0,Left,,,1.0,,,6.0,2.0,53%,98%,15%,95%,36%,81%,,
https://www.fotmob.com/players/1021586/gabriel-martinelli,,18-Jun-01,Brazil,8.0,17.80%,2.0,13.0,46.0,33.30%,9.0,3.0,,4.0,34.0,15.0,75.00%,0.0,1.0,180 cm,€80M,2.0,0.0,2.0,,,40.00%,69.80%,,81,12.0,28.10%,10.0,,9.0,309,39.0,Right,11.0,,3.0,,,12.0,5.0,62%,48%,13%,50%,53%,15%,,
https://www.fotmob.com/players/717176/daniel-james,,10-Nov-97,Wales,8.0,23.50%,10.0,37.0,110.0,44.20%,14.0,7.0,,10.0,92.0,10.0,47.60%,0.0,4.0,170 cm,€15M,13.0,6.0,26.0,15.60%,,44.80%,78.70%,15.0,549,29.0,43.50%,55.0,1.0,27.0,"1,162",90.0,Right,7.0,,3.0,,,42.0,20.0,71%,46%,9%,85%,91%,12%,,
https://www.fotmob.com/players/292313/raul-jimenez,,5-May-91,Mexico,87.0,42.20%,29.0,28.0,203.0,41.80%,39.0,16.0,,17.0,82.0,12.0,60.00%,0.0,3.0,188 cm,€5.3M,46.0,6.0,48.0,17.90%,,57.50%,72.30%,5.0,716,67.0,62.60%,35.0,1.0,62.0,"1,644",205.0,Right,7.0,,17.0,,4.0,118.0,44.0,80%,63%,88%,76%,81%,80%,,
https://www.fotmob.com/players/524435/daniel-podence,,21-Oct-95,Portugal,,,4.0,2.0,19.0,47.50%,5.0,2.0,,1.0,12.0,3.0,100.00%,0.0,0.0,165 cm,€14M,3.0,0.0,5.0,20.00%,,42.90%,72.60%,1.0,69,4.0,63.60%,9.0,1.0,7.0,164,13.0,Right,56.0,,1.0,,,10.0,3.0,10%,89%,11%,29%,46%,56%,,
https://www.fotmob.com/players/424129/leander-dendoncker,,15-Apr-95,Belgium,96.0,53.30%,5.0,39.0,187.0,52.80%,31.0,38.0,1.0,3.0,152.0,31.0,45.60%,0.0,5.0,188 cm,€7.5M,66.0,0.0,9.0,37.50%,,66.70%,83.30%,3.0,"1,102",11.0,76.20%,9.0,,16.0,"1,689",42.0,Right,32.0,,4.0,,,20.0,5.0,94%,11%,88%,41%,59%,90%,,
https://www.fotmob.com/players/749737/renat-dadashov,,17-May-99,Azerbaijan,12.0,42.90%,2.0,1.0,22.0,37.90%,12.0,,,1.0,12.0,4.0,100.00%,0.0,2.0,186 cm,€1.5M,2.0,0.0,3.0,,,50.00%,63.60%,,35,7.0,16.70%,6.0,,1.0,111,14.0,Right,17.0,,0.0,,,5.0,1.0,75%,63%,61%,57%,49%,52%,,
https://www.fotmob.com/players/1030829/jarrad-branthwaite,,27-Jun-02,England,9.0,37.50%,,2.0,20.0,48.80%,4.0,2.0,,1.0,18.0,7.0,87.50%,0.0,0.0,195 cm,€47M,13.0,0.0,,,,46.40%,87.90%,,196,0.0,100.00%,3.0,,1.0,263,,Left,32.0,,0.0,,,0.0,,59%,17%,79%,0%,22%,10%,,
https://www.fotmob.com/players/710158/james-justin,,23-Feb-98,England,22.0,40.00%,1.0,10.0,85.0,54.50%,8.0,11.0,1.0,1.0,64.0,17.0,47.20%,0.0,1.0,183 cm,€18M,20.0,1.0,12.0,18.90%,0.03,32.80%,82.60%,7.0,563,12.0,47.10%,20.0,,8.0,"1,000",18.0,Right,2.0,,0.0,,,7.0,,87%,10%,77%,87%,66%,49%,,
https://www.fotmob.com/players/523825/jarrod-bowen,,20-Dec-96,England,5.0,20.80%,10.0,13.0,59.0,44.40%,4.0,16.0,,5.0,55.0,15.0,78.90%,0.0,0.0,174 cm,€50M,13.0,4.0,15.0,25.00%,0.15,59.10%,77.00%,15.0,164,14.0,38.50%,20.0,,15.0,462,46.0,Left,20.0,0.64,1.0,0.64,,24.0,7.0,34%,48%,37%,86%,83%,17%,0.53,
https://www.fotmob.com/players/154280/jordan-ayew,,11-Sep-91,Ghana,80.0,31.90%,14.0,32.0,303.0,43.20%,59.0,15.0,,22.0,147.0,30.0,62.50%,0.0,6.0,182 cm,€4.2M,19.0,2.0,30.0,4.00%,,59.40%,81.30%,1.0,662,95.0,62.40%,105.0,,73.0,"1,562",130.0,Right,18.0,,9.0,,,58.0,24.0,88%,31%,53%,80%,27%,27%,,
https://www.fotmob.com/players/532743/philip-billing,,11-Jun-96,Denmark,111.0,58.70%,6.0,48.0,228.0,53.00%,38.0,66.0,,11.0,162.0,46.0,63.90%,0.0,8.0,193 cm,€18M,43.0,1.0,15.0,7.10%,,50.60%,74.80%,1.0,863,28.0,62.90%,23.0,,22.0,"1,776",51.0,Left,15.0,,1.0,,,33.0,8.0,99%,99%,99%,86%,99%,68%,,
https://www.fotmob.com/players/704151/arnaut-danjuma,,31-Jan-97,Netherlands,2.0,15.40%,2.0,3.0,32.0,41.60%,,8.0,,3.0,29.0,2.0,50.00%,0.0,0.0,179 cm,€13M,6.0,0.0,5.0,22.20%,,60.00%,81.00%,2.0,179,14.0,55.30%,5.0,,21.0,348,24.0,Both,11.0,,0.0,,,13.0,4.0,10%,44%,3%,42%,61%,11%,,
https://www.fotmob.com/players/819215/lloyd-kelly,,6-Oct-98,England,11.0,35.50%,1.0,1.0,22.0,41.50%,7.0,6.0,,3.0,42.0,3.0,42.90%,0.0,2.0,190 cm,€18M,10.0,0.0,2.0,16.70%,,34.50%,80.10%,1.0,161,3.0,100.00%,2.0,,2.0,302,6.0,Left,6.0,,0.0,,,1.0,,88%,56%,27%,0%,58%,52%,,
https://www.fotmob.com/players/564794/jack-stacey,,6-Apr-96,England,27.0,57.40%,,14.0,74.0,54.40%,10.0,18.0,,6.0,88.0,11.0,52.40%,0.0,2.0,180 cm,€3M,28.0,2.0,10.0,11.10%,,32.20%,74.00%,4.0,445,11.0,69.60%,10.0,,16.0,"1,008",24.0,Right,3.0,,0.0,,,5.0,2.0,64%,59%,65%,75%,35%,32%,,
https://www.fotmob.com/players/494597/josh-brownhill,,19-Dec-95,England,20.0,52.60%,2.0,8.0,48.0,57.10%,6.0,14.0,,2.0,43.0,8.0,57.10%,0.0,2.0,178 cm,€13M,10.0,0.0,3.0,,,35.70%,82.50%,,273,4.0,87.50%,9.0,,7.0,444,9.0,Right,8.0,,0.0,,,6.0,,66%,70%,37%,100%,84%,31%,,
https://www.fotmob.com/players/109491/jay-rodriguez,,29-Jul-89,England,80.0,34.80%,12.0,25.0,140.0,34.80%,26.0,5.0,,15.0,67.0,19.0,65.50%,0.0,1.0,185 cm,€590K,6.0,1.0,6.0,6.70%,,54.50%,69.80%,1.0,324,43.0,46.20%,15.0,,18.0,857,88.0,Right,16.0,,8.0,,1.0,67.0,30.0,97%,5%,76%,41%,30%,6%,,
https://www.fotmob.com/players/37194/erik-pieters,,7-Aug-88,Netherlands,33.0,64.70%,1.0,41.0,110.0,54.20%,21.0,28.0,1.0,3.0,97.0,32.0,59.30%,0.0,2.0,183 cm,€290K,29.0,4.0,18.0,26.80%,,29.90%,72.10%,11.0,537,6.0,33.30%,20.0,,4.0,"1,257",14.0,Left,33.0,,0.0,,,14.0,3.0,26%,0%,11%,0%,4%,82%,,
https://www.fotmob.com/players/599353/che-adams,,13-Jul-96,Scotland,41.0,35.00%,14.0,3.0,81.0,40.10%,17.0,2.0,,11.0,51.0,4.0,66.70%,0.0,0.0,178 cm,€15M,6.0,2.0,13.0,7.70%,,54.50%,64.90%,1.0,161,21.0,72.00%,16.0,1.0,18.0,467,65.0,Right,18.0,,4.0,,,36.0,10.0,34%,48%,17%,42%,26%,28%,,
https://www.fotmob.com/players/862645/moussa-djenepo,,15-Jun-98,Mali,3.0,15.80%,3.0,10.0,104.0,53.10%,23.0,9.0,,5.0,48.0,21.0,77.80%,1.0,4.0,177 cm,€3.5M,5.0,2.0,11.0,19.00%,,22.70%,74.10%,4.0,177,21.0,66.70%,30.0,,44.0,551,53.0,Right,12.0,,2.0,,,20.0,8.0,6%,18%,43%,23%,4%,7%,,
https://www.fotmob.com/players/303346/adam-webster,,4-Jan-95,England,111.0,63.10%,3.0,18.0,170.0,62.00%,13.0,45.0,2.0,1.0,176.0,17.0,56.70%,0.0,4.0,185 cm,€23M,114.0,1.0,11.0,33.30%,,50.20%,83.10%,2.0,"1,563",5.0,77.80%,19.0,,14.0,"2,283",30.0,Right,4.0,,3.0,,,16.0,7.0,49%,81%,48%,74%,42%,88%,,
https://www.fotmob.com/players/391064/neal-maupay,,14-Aug-96,France,26.0,22.60%,31.0,20.0,115.0,32.10%,38.0,4.0,,21.0,98.0,12.0,60.00%,0.0,3.0,171 cm,€15M,15.0,3.0,25.0,16.70%,,62.50%,79.60%,2.0,532,56.0,35.30%,46.0,,24.0,"1,167",178.0,Right,8.0,,10.0,,1.0,96.0,38.0,15%,49%,9%,24%,3%,54%,,
https://www.fotmob.com/players/318615/leandro-trossard,,4-Dec-94,Belgium,2.0,10.50%,8.0,32.0,64.0,34.80%,14.0,9.0,,15.0,100.0,17.0,77.30%,0.0,0.0,175 cm,€33M,40.0,3.0,42.0,25.30%,,63.50%,74.50%,19.0,529,33.0,54.70%,11.0,,29.0,"1,107",100.0,Right,19.0,,5.0,,,41.0,12.0,18%,41%,22%,52%,72%,48%,,
https://www.fotmob.com/players/231592/aaron-mooy,,15-Sep-90,Australia,15.0,37.50%,8.0,34.0,101.0,43.30%,13.0,23.0,,14.0,134.0,24.0,64.90%,1.0,1.0,174 cm,€4.5M,43.0,2.0,39.0,21.10%,,51.80%,81.50%,23.0,791,42.0,67.90%,11.0,,38.0,"1,464",43.0,Right,,,2.0,,,33.0,8.0,,,,,,,,
https://www.fotmob.com/players/955139/tariq-lamptey,,30-Sep-00,Ghana,3.0,27.30%,1.0,7.0,45.0,51.70%,13.0,16.0,,,33.0,8.0,88.90%,0.0,2.0,170 cm,€13M,2.0,1.0,7.0,13.00%,,16.70%,84.30%,3.0,150,7.0,65.20%,18.0,,15.0,378,11.0,Right,2.0,,0.0,,,2.0,,2%,26%,65%,96%,57%,18%,,
https://www.fotmob.com/players/962002/sam-mccallum,,2-Sep-00,England,75.0,56.40%,2.0,27.0,206.0,58.90%,31.0,51.0,,8.0,133.0,34.0,61.80%,0.0,6.0,184 cm,€1.4M,57.0,1.0,22.0,18.90%,,31.00%,62.60%,20.0,583,14.0,60.00%,54.0,1.0,24.0,"1,793",13.0,Left,3.0,,2.0,,,8.0,3.0,98%,33%,84%,94%,89%,69%,,
https://www.fotmob.com/players/862635/rocky-bushiri,,30-Nov-99,DR Congo,,,,2.0,6.0,40.00%,3.0,2.0,,,8.0,3.0,60.00%,0.0,1.0,186 cm,€550K,,0.0,,,,,76.50%,,39,0.0,,1.0,,,80,1.0,Right,33.0,,0.0,,,0.0,,35%,51%,69%,88%,56%,6%,,
https://www.fotmob.com/players/540963/sander-berge,,14-Feb-98,Norway,35.0,68.60%,1.0,5.0,77.0,60.60%,18.0,10.0,,3.0,56.0,15.0,68.20%,0.0,0.0,193 cm,€22M,13.0,1.0,2.0,9.10%,,52.00%,79.90%,2.0,294,7.0,75.00%,5.0,,15.0,534,20.0,Right,16.0,,1.0,,,5.0,2.0,75%,38%,49%,0%,1%,62%,,
https://www.fotmob.com/players/509151/oliver-mcburnie,,4-Jun-96,Scotland,200.0,50.30%,7.0,29.0,284.0,48.10%,28.0,15.0,,16.0,91.0,22.0,59.50%,0.0,4.0,188 cm,€4.7M,9.0,0.0,10.0,11.10%,,52.90%,60.50%,1.0,373,34.0,50.00%,28.0,,22.0,"1,023",111.0,Right,16.0,,6.0,,,50.0,25.0,91%,69%,83%,13%,11%,37%,,
https://www.fotmob.com/players/504085/callum-robinson,,2-Feb-95,Ireland,4.0,17.40%,3.0,5.0,19.0,24.70%,11.0,7.0,,5.0,28.0,3.0,50.00%,0.0,1.0,178 cm,€1.7M,4.0,1.0,4.0,20.00%,,40.00%,84.10%,3.0,116,17.0,38.50%,4.0,,5.0,248,24.0,Right,47.0,,1.0,,,12.0,4.0,7%,56%,2%,80%,63%,46%,,
https://www.fotmob.com/players/106954/luke-freeman,,22-Mar-92,England,4.0,40.00%,2.0,6.0,23.0,39.70%,6.0,10.0,,2.0,20.0,4.0,66.70%,0.0,2.0,183 cm,€880K,2.0,0.0,3.0,40.00%,,22.20%,79.70%,6.0,106,13.0,66.70%,5.0,,8.0,227,4.0,Left,,,0.0,,,3.0,,,,,,,,,
https://www.fotmob.com/players/511032/ben-osborn,,5-Aug-94,England,6.0,40.00%,1.0,13.0,31.0,47.00%,9.0,6.0,,3.0,43.0,10.0,66.70%,0.0,0.0,176 cm,€950K,8.0,0.0,7.0,18.80%,,25.80%,71.00%,3.0,164,0.0,50.00%,6.0,,4.0,334,16.0,Left,8.0,,0.0,,,3.0,1.0,26%,93%,35%,0%,4%,58%,,
https://www.fotmob.com/players/202181/jack-robinson,,1-Sep-93,England,14.0,60.90%,,5.0,30.0,62.50%,4.0,8.0,,,30.0,5.0,50.00%,0.0,0.0,180 cm,€750K,14.0,0.0,2.0,16.70%,,34.10%,78.70%,1.0,196,1.0,100.00%,4.0,,2.0,354,1.0,Left,19.0,,0.0,,,0.0,,73%,64%,26%,0%,35%,82%,,
https://www.fotmob.com/players/710159/ezri-konsa,,23-Oct-97,England,49.0,51.60%,3.0,9.0,104.0,56.80%,17.0,25.0,1.0,4.0,100.0,9.0,50.00%,0.0,3.0,183 cm,€30M,34.0,2.0,11.0,46.20%,,29.80%,78.10%,6.0,604,5.0,70.00%,32.0,,7.0,"1,133",21.0,Right,4.0,,1.0,,,11.0,4.0,2%,24%,1%,66%,45%,35%,,
https://www.fotmob.com/players/541330/marvelous-nakamba,,19-Jan-94,Zimbabwe,23.0,44.20%,,43.0,115.0,51.10%,26.0,39.0,,5.0,155.0,28.0,50.90%,0.0,5.0,175 cm,€5.2M,24.0,0.0,12.0,,,42.10%,84.30%,,659,10.0,73.70%,24.0,,14.0,"1,109",2.0,Left,13.0,,0.0,,,7.0,1.0,34%,1%,62%,0%,2%,24%,,
https://www.fotmob.com/players/513492/trezeguet,,1-Oct-94,Egypt,29.0,39.70%,22.0,35.0,128.0,43.50%,35.0,25.0,,8.0,79.0,16.0,42.10%,1.0,2.0,181 cm,€4.7M,9.0,1.0,21.0,16.40%,,39.10%,75.00%,11.0,273,20.0,46.90%,32.0,1.0,30.0,846,79.0,Both,7.0,,6.0,,,50.0,17.0,12%,32%,9%,99%,85%,14%,,
https://www.fotmob.com/players/299981/pablo-mari,,31-Aug-93,Spain,4.0,57.10%,,,6.0,60.00%,2.0,1.0,,,9.0,1.0,50.00%,0.0,0.0,191 cm,€3.5M,8.0,0.0,,,,47.10%,85.00%,,85,0.0,,,,,114,,Left,18.0,,0.0,,,0.0,,66%,29%,94%,0%,17%,56%,,
https://www.fotmob.com/players/299981/pablo-mari,,"Aug 31, 1993",Spain,27.0,55.1%,1.0,5.0,47.0,58.0%,8.0,9.0,1.0,1.0,36.0,9.0,60.0%,0.0,2.0,191 cm,€3.5M,18.0,0.0,2.0,,0.33,28.6%,87.6%,,551,0.0,100.0%,4.0,,3.0,710,3.0,Left,18.0,0.05,0.0,0.05,,2.0,,66%,29%,94%,0%,17%,56%,,900
https://www.fotmob.com/players/540088/ollie-watkins,,"Dec 30, 1995",England,136.0,46.6%,26.0,23.0,254.0,43.1%,47.0,7.0,,28.0,77.0,17.0,58.6%,1.0,2.0,180 cm,€70M,6.0,5.0,45.0,22.7%,3.82,60.0%,71.5%,5.0,575,85.0,57.1%,49.0,,40.0,"1,411",241.0,Right,11.0,14.55,14.0,12.98,1.0,97.0,45.0,47%,64%,12%,61%,61%,10%,15.06,"3,329"
https://www.fotmob.com/players/729731/matty-cash,,"Aug 7, 1997",Poland,35.0,47.3%,4.0,33.0,139.0,52.9%,35.0,60.0,2.0,3.0,134.0,40.0,56.3%,1.0,6.0,185 cm,€25M,57.0,2.0,21.0,27.2%,1.72,34.8%,75.7%,22.0,763,13.0,66.7%,22.0,,12.0,"1,729",25.0,Right,2.0,0.3,0.0,0.3,,9.0,2.0,51%,26%,47%,65%,87%,11%,0.15,"2,378"
https://www.fotmob.com/players/891855/jakub-moder,,"Apr 7, 1999",Poland,7.0,36.8%,5.0,13.0,34.0,38.2%,12.0,3.0,,6.0,35.0,7.0,46.7%,0.0,0.0,190 cm,€10.5M,5.0,0.0,3.0,9.1%,0.32,23.8%,73.4%,1.0,193,10.0,52.9%,3.0,,9.0,399,23.0,Right,7.0,0.77,0.0,0.77,,13.0,3.0,58%,73%,68%,77%,73%,72%,0.27,648
https://www.fotmob.com/players/974618/jan-paul-van-hecke,,"Jun 8, 2000",Netherlands,91.0,61.5%,2.0,13.0,152.0,58.7%,34.0,57.0,4.0,,141.0,35.0,70.0%,0.0,6.0,189 cm,€33M,95.0,1.0,14.0,16.7%,0.88,52.2%,83.2%,1.0,"1,186",9.0,85.7%,5.0,,6.0,"1,831",21.0,Right,29.0,1.16,1.0,1.16,,14.0,2.0,71%,92%,34%,33%,47%,85%,0.56,"2,324"
https://www.fotmob.com/players/304455/joel-veltman,,"Jan 15, 1992",Netherlands,42.0,52.5%,3.0,28.0,166.0,57.4%,34.0,33.0,,10.0,140.0,33.0,49.3%,0.0,3.0,182 cm,€14M,69.0,1.0,22.0,31.7%,1.63,43.4%,77.7%,20.0,971,7.0,50.0%,39.0,,18.0,"1,891",32.0,Right,34.0,1.07,1.0,1.07,,14.0,4.0,65%,9%,82%,0%,13%,35%,1.23,"2,282"
https://www.fotmob.com/players/818975/eberechi-eze,,"Jun 29, 1998",England,12.0,29.3%,11.0,19.0,175.0,53.4%,18.0,24.0,,12.0,178.0,14.0,51.9%,0.0,3.0,178 cm,€60M,25.0,6.0,43.0,26.7%,2.82,45.5%,84.2%,23.0,916,37.0,54.2%,72.0,,64.0,"1,649",43.0,Right,10.0,2.31,4.0,2.31,,37.0,13.0,24%,80%,17%,80%,92%,67%,3.06,"2,562"
https://www.fotmob.com/players/662936/ben-godfrey,,"Jan 15, 1998",England,57.0,64.0%,5.0,14.0,138.0,66.3%,15.0,33.0,1.0,1.0,136.0,33.0,60.0%,0.0,4.0,183 cm,€10M,36.0,2.0,4.0,50.0%,0.44,34.0%,84.7%,3.0,"1,032",6.0,75.0%,17.0,,9.0,"1,739",16.0,Right,44.0,1.14,0.0,1.14,,14.0,2.0,85%,20%,15%,0%,18%,11%,0.29,"2,683"
https://www.fotmob.com/players/1104441/niels-nkounkou,,"Nov 1, 2000",France,,,,5.0,6.0,40.0%,1.0,,,1.0,3.0,3.0,75.0%,0.0,1.0,184 cm,€7.7M,1.0,0.0,,25.0%,0.01,33.3%,85.7%,1.0,24,1.0,50.0%,,,2.0,61,,Left,29.0,0.03,0.0,0.03,,1.0,,54%,92%,98%,0%,83%,76%,,81
https://www.fotmob.com/players/299572/terence-kongolo,,"Feb 14, 1994",Netherlands,3.0,60.0%,,,7.0,70.0%,1.0,2.0,,,3.0,2.0,66.7%,0.0,0.0,188 cm,€650K,,0.0,,100.0%,0.04,,81.8%,1.0,36,0.0,,1.0,,,55,1.0,Left,23.0,,0.0,,,0.0,,73%,80%,94%,0%,20%,46%,,90
https://www.fotmob.com/players/662428/antonee-robinson,,"Aug 8, 1997",United States,36.0,66.7%,4.0,17.0,140.0,58.6%,20.0,37.0,,7.0,135.0,28.0,62.2%,1.0,4.0,183 cm,€30M,33.0,0.0,29.0,26.7%,1.95,31.1%,74.9%,27.0,784,22.0,69.9%,8.0,,51.0,"1,767",38.0,Left,33.0,0.42,0.0,0.42,,10.0,4.0,82%,72%,88%,0%,38%,80%,0.34,"2,162"
https://www.fotmob.com/players/683402/tosin-adarabioyo,,"Sep 24, 1997",England,83.0,68.0%,2.0,21.0,136.0,62.1%,16.0,42.0,1.0,,143.0,19.0,51.4%,0.0,1.0,197 cm,€21M,118.0,0.0,5.0,,0.38,46.8%,86.2%,,"1,642",5.0,78.6%,6.0,,11.0,"2,315",36.0,Right,4.0,1.14,0.0,1.14,,18.0,5.0,66%,19%,16%,98%,86%,98%,0.52,"2,954"
https://www.fotmob.com/players/424609/ben-davies,,"Aug 11, 1995",England,59.0,64.1%,1.0,3.0,94.0,66.2%,10.0,26.0,,,88.0,8.0,36.4%,0.0,1.0,183 cm,€3.2M,75.0,0.0,3.0,50.0%,0.3,48.4%,79.0%,2.0,597,1.0,80.0%,10.0,1.0,4.0,964,11.0,Left,,0.26,0.0,0.26,,5.0,1.0,88%,25%,38%,36%,16%,99%,,"1,691"
https://www.fotmob.com/players/614006/ruben-dias,,"May 14, 1997",Portugal,62.0,61.4%,1.0,12.0,111.0,58.7%,21.0,35.0,2.0,3.0,135.0,13.0,54.2%,0.0,4.0,187 cm,€85M,109.0,0.0,3.0,50.0%,0.44,60.2%,93.2%,1.0,"2,528",4.0,75.0%,20.0,,6.0,"2,988",30.0,Right,3.0,1.88,1.0,1.88,,14.0,6.0,36%,36%,3%,0%,53%,97%,1.43,"2,845"
https://www.fotmob.com/players/835409/nahuel-lautaro-bustos,,"Jul 4, 1998",Argentina,10.0,21.7%,4.0,4.0,38.0,32.8%,22.0,6.0,1.0,4.0,30.0,4.0,80.0%,1.0,4.0,176 cm,€3.8M,7.0,1.0,9.0,33.3%,,63.6%,74.2%,2.0,144,14.0,60.0%,17.0,,6.0,358,37.0,,7.0,,2.0,,,29.0,11.0,4%,55%,30%,1%,85%,72%,,899
https://www.fotmob.com/players/1109171/yan-couto,,"Jun 3, 2002",Brazil,7.0,31.8%,3.0,13.0,76.0,43.4%,20.0,15.0,,6.0,113.0,11.0,45.8%,0.0,4.0,168 cm,€26M,57.0,4.0,16.0,20.3%,,48.7%,75.4%,13.0,522,19.0,48.5%,13.0,,32.0,"1,188",31.0,Right,2.0,,1.0,,,12.0,2.0,0%,64%,40%,0%,44%,93%,,"1,659"
https://www.fotmob.com/players/1099974/issa-kabore,,"May 12, 2001",Burkina Faso,9.0,25.0%,2.0,11.0,88.0,44.7%,30.0,26.0,1.0,9.0,90.0,29.0,85.3%,1.0,5.0,180 cm,€6.3M,30.0,3.0,18.0,30.0%,1.69,54.5%,78.9%,27.0,456,26.0,48.4%,30.0,1.0,15.0,"1,083",21.0,Right,29.0,0.16,0.0,0.16,,4.0,,49%,62%,8%,0%,59%,2%,,"1,474"
https://www.fotmob.com/players/612836/donny-van-de-beek,,"Apr 18, 1997",Netherlands,2.0,28.6%,,8.0,31.0,51.7%,5.0,6.0,,7.0,38.0,10.0,66.7%,0.0,1.0,181 cm,€5M,6.0,1.0,3.0,,0.82,60.0%,86.1%,,235,8.0,72.7%,6.0,1.0,8.0,370,27.0,Right,6.0,0.37,1.0,0.37,,2.0,1.0,54%,22%,84%,18%,4%,6%,0.91,513
https://www.fotmob.com/players/428672/alex-telles,,"Dec 15, 1992",Brazil,17.0,54.8%,1.0,9.0,36.0,50.0%,4.0,16.0,,3.0,45.0,7.0,50.0%,0.0,0.0,181 cm,€7M,14.0,2.0,12.0,21.8%,1.11,37.8%,84.7%,12.0,388,5.0,42.9%,4.0,,3.0,686,3.0,Left,13.0,0.16,0.0,0.16,,5.0,1.0,69%,93%,33%,87%,84%,22%,0.05,691
https://www.fotmob.com/players/864983/jamal-lewis,,"Jan 25, 1998",Northern Ireland,10.0,40.0%,1.0,22.0,75.0,48.4%,18.0,11.0,1.0,4.0,109.0,20.0,54.1%,0.0,4.0,178 cm,€3.8M,31.0,1.0,14.0,29.5%,1.13,33.7%,77.1%,13.0,501,13.0,50.0%,16.0,,12.0,"1,079",11.0,Left,,0.13,0.0,0.13,,3.0,1.0,22%,80%,4%,0%,21%,10%,0.09,"1,833"
https://www.fotmob.com/players/841150/rhian-brewster,,"Apr 1, 2000",England,14.0,21.9%,9.0,12.0,43.0,29.1%,18.0,5.0,,8.0,35.0,5.0,62.5%,0.0,1.0,180 cm,€3.3M,7.0,0.0,11.0,18.8%,0.6,43.8%,74.4%,3.0,154,18.0,53.3%,13.0,,8.0,374,30.0,Right,7.0,1.8,0.0,1.8,,24.0,8.0,89%,41%,55%,46%,73%,19%,1.11,"1,123"
https://www.fotmob.com/players/609504/oliver-burke,,"Apr 7, 1997",Scotland,30.0,38.5%,9.0,19.0,68.0,34.5%,23.0,2.0,,8.0,29.0,8.0,50.0%,0.0,2.0,188 cm,€2M,3.0,1.0,15.0,10.0%,1.54,100.0%,70.2%,1.0,177,28.0,53.3%,6.0,,16.0,484,67.0,Right,15.0,2.11,1.0,2.11,,25.0,6.0,90%,78%,51%,79%,86%,91%,1.53,"1,270"
https://www.fotmob.com/players/492589/max-lowe,,"May 11, 1997",England,5.0,20.0%,1.0,12.0,41.0,45.1%,10.0,5.0,,2.0,25.0,11.0,42.3%,0.0,1.0,175 cm,€2.7M,5.0,0.0,2.0,4.5%,0.24,31.2%,72.7%,1.0,125,4.0,63.6%,3.0,,7.0,312,11.0,Left,3.0,0.08,0.0,0.08,,2.0,1.0,72%,7%,96%,0%,2%,37%,0.05,551
https://www.fotmob.com/players/789646/jayden-bogle,,"Jul 27, 2000",England,18.0,43.9%,4.0,19.0,71.0,43.3%,15.0,14.0,,7.0,64.0,23.0,69.7%,0.0,2.0,178 cm,€4M,4.0,0.0,4.0,8.3%,0.42,16.7%,76.0%,1.0,237,17.0,35.5%,9.0,,11.0,607,37.0,Right,2.0,1.92,2.0,1.92,,17.0,7.0,65%,53%,40%,92%,88%,64%,2.0,"1,107"
https://www.fotmob.com/players/1035202/ismaila-coulibaly,,"Dec 25, 2000",Mali,15.0,50.0%,13.0,22.0,102.0,52.8%,27.0,32.0,,9.0,119.0,33.0,80.5%,0.0,3.0,183 cm,€1.1M,40.0,0.0,8.0,25.0%,0.61,46.5%,74.8%,1.0,452,27.0,90.9%,26.0,,20.0,912,27.0,Right,32.0,2.53,5.0,2.53,,40.0,12.0,60%,61%,98%,81%,91%,95%,2.13,"1,637"
https://www.fotmob.com/players/938539/ibrahima-diallo,,"Mar 8, 1999",France,10.0,37.0%,3.0,7.0,60.0,46.9%,22.0,10.0,1.0,3.0,71.0,16.0,55.2%,0.0,3.0,180 cm,€7M,15.0,0.0,9.0,14.3%,0.39,36.6%,85.0%,1.0,500,15.0,58.8%,11.0,,10.0,759,10.0,Left,27.0,0.46,0.0,0.46,,7.0,1.0,,,,,,,0.09,"1,012"
https://www.fotmob.com/players/717174/joe-rodon,,"Oct 22, 1997",Wales,22.0,62.9%,,1.0,43.0,72.9%,2.0,21.0,,,36.0,9.0,64.3%,0.0,0.0,193 cm,€8.1M,15.0,0.0,,,0.02,44.1%,88.1%,,378,0.0,,8.0,,,527,2.0,Right,6.0,0.04,0.0,0.04,,1.0,,78%,50%,28%,47%,42%,95%,,732
https://www.fotmob.com/players/586467/karlan-grant,,"Sep 18, 1997",England,14.0,19.2%,3.0,2.0,41.0,30.6%,9.0,5.0,,6.0,27.0,3.0,60.0%,0.0,1.0,183 cm,€4M,3.0,0.0,3.0,,0.31,42.9%,75.1%,,163,17.0,56.2%,13.0,,9.0,392,38.0,Right,18.0,1.84,1.0,1.84,,16.0,9.0,63%,35%,20%,54%,78%,39%,2.2,"1,132"
https://www.fotmob.com/players/522651/matheus-pereira,,"May 5, 1996",Brazil,13.0,27.7%,14.0,42.0,131.0,41.2%,34.0,29.0,,36.0,172.0,15.0,57.7%,1.0,2.0,175 cm,€7.2M,48.0,6.0,60.0,24.8%,5.28,57.8%,79.6%,36.0,748,45.0,54.1%,52.0,1.0,40.0,"1,556",70.0,Left,10.0,7.35,11.0,4.19,4.0,65.0,28.0,41%,83%,21%,31%,38%,82%,9.09,"2,581"
https://www.fotmob.com/players/760398/cedric-kipre,,"Dec 9, 1996",Ivory Coast,16.0,72.7%,,3.0,31.0,62.0%,10.0,12.0,2.0,1.0,32.0,6.0,75.0%,0.0,3.0,196 cm,€3M,11.0,0.0,,,0.22,45.8%,79.1%,,170,1.0,100.0%,1.0,,6.0,281,7.0,Right,21.0,0.31,0.0,0.31,,3.0,2.0,27%,73%,97%,45%,34%,28%,0.73,444
https://www.fotmob.com/players/31306/branislav-ivanovic,,"Feb 22, 1984",Serbia,13.0,56.5%,1.0,6.0,31.0,53.4%,11.0,8.0,,,36.0,5.0,35.7%,0.0,2.0,185 cm,€900K,14.0,0.0,1.0,,0.05,34.1%,83.9%,,266,0.0,,4.0,,,397,5.0,Right,,0.52,0.0,0.52,,4.0,1.0,,,,,,,0.21,767
https://www.fotmob.com/players/491883/said-benrahma,,"Aug 10, 1995",Algeria,3.0,18.8%,7.0,20.0,83.0,41.9%,14.0,8.0,1.0,14.0,91.0,15.0,62.5%,0.0,0.0,172 cm,€16M,8.0,6.0,27.0,20.5%,3.19,32.0%,82.0%,9.0,397,33.0,52.5%,15.0,,42.0,844,53.0,Right,,2.62,1.0,2.62,,35.0,12.0,0%,76%,5%,61%,81%,37%,2.51,"1,389"
https://www.fotmob.com/players/524437/tomas-soucek,,"Feb 27, 1995",Czech Republic,234.0,59.2%,13.0,49.0,364.0,54.2%,69.0,62.0,1.0,16.0,246.0,41.0,52.6%,1.0,7.0,190 cm,€35M,84.0,1.0,18.0,11.1%,2.44,66.7%,75.5%,1.0,"1,213",21.0,55.2%,43.0,,16.0,"2,185",110.0,Right,28.0,8.42,10.0,8.42,,64.0,23.0,99%,2%,100%,58%,31%,44%,6.41,"3,419"
https://www.fotmob.com/players/1050158/fabio-silva,,"Jul 19, 2002",Portugal,34.0,32.1%,16.0,8.0,68.0,34.2%,20.0,4.0,,8.0,43.0,4.0,66.7%,0.0,2.0,185 cm,€23M,1.0,3.0,11.0,20.0%,0.37,11.1%,72.8%,1.0,235,21.0,33.3%,21.0,1.0,7.0,554,84.0,Right,37.0,5.26,4.0,4.47,1.0,48.0,17.0,70%,21%,81%,60%,29%,67%,4.74,"1,355"
https://www.fotmob.com/players/1010733/ki-jana-hoever,,"Jan 18, 2002",Netherlands,6.0,40.0%,,12.0,37.0,48.1%,4.0,9.0,,2.0,45.0,6.0,42.9%,0.0,1.0,180 cm,€4M,11.0,0.0,3.0,9.5%,0.16,50.0%,78.0%,2.0,227,6.0,59.1%,4.0,,13.0,467,12.0,Right,23.0,0.04,0.0,0.04,,1.0,,61%,60%,50%,53%,27%,20%,,574
https://www.fotmob.com/players/1013277/toti-gomes,,"Jan 16, 1999",Portugal,,,,,,,,,,,,,,,,188 cm,€17M,,,,,,,,,,,,,,,,,Left,24.0,,,,,,,41%,68%,69%,0%,15%,63%,,
https://www.fotmob.com/players/901495/albert-sambi-lokonga,,"Oct 22, 1999",Belgium,16.0,44.4%,4.0,2.0,55.0,56.1%,12.0,13.0,,4.0,72.0,18.0,81.8%,0.0,5.0,183 cm,€12M,35.0,0.0,18.0,50.0%,1.11,59.3%,88.4%,1.0,723,8.0,75.0%,15.0,,3.0,960,5.0,Right,12.0,0.59,0.0,0.59,,20.0,8.0,88%,63%,25%,0%,33%,65%,0.76,"1,133"
https://www.fotmob.com/players/957118/nuno-tavares,,"Jan 26, 2000",Portugal,24.0,52.2%,4.0,10.0,75.0,47.2%,23.0,9.0,1.0,4.0,68.0,14.0,66.7%,0.0,2.0,183 cm,€25.1M,13.0,1.0,10.0,22.5%,1.02,35.1%,82.1%,9.0,481,13.0,50.0%,13.0,,18.0,954,45.0,Left,30.0,1.85,1.0,1.85,,23.0,2.0,34%,94%,26%,0%,97%,86%,1.03,"1,170"
https://www.fotmob.com/players/552718/kristoffer-vassbakk-ajer,,"Apr 17, 1998",Norway,49.0,61.2%,5.0,8.0,107.0,62.9%,12.0,26.0,,5.0,109.0,18.0,62.1%,0.0,5.0,196 cm,€20M,30.0,3.0,8.0,17.6%,1.85,29.7%,69.7%,3.0,504,7.0,72.2%,16.0,,13.0,"1,151",34.0,Right,20.0,0.76,1.0,0.76,,7.0,1.0,86%,6%,29%,52%,30%,12%,0.54,"1,987"
https://www.fotmob.com/players/856685/frank-onyeka,,"Jan 1, 1998",Nigeria,16.0,43.2%,5.0,19.0,76.0,45.0%,33.0,14.0,,4.0,69.0,17.0,68.0%,0.0,4.0,183 cm,€9.5M,11.0,0.0,4.0,8.3%,0.42,47.8%,80.2%,1.0,251,14.0,64.7%,25.0,1.0,11.0,519,16.0,Right,19.0,0.84,0.0,0.84,,16.0,5.0,29%,23%,53%,0%,28%,12%,1.18,"1,050"
https://www.fotmob.com/players/484878/connor-roberts,,"Sep 23, 1995",Wales,13.0,43.3%,,5.0,68.0,62.4%,7.0,22.0,,5.0,82.0,13.0,65.0%,0.0,2.0,188 cm,€4.3M,24.0,1.0,13.0,20.7%,1.51,25.8%,72.9%,6.0,471,6.0,50.0%,29.0,,6.0,"1,088",19.0,Right,14.0,0.46,1.0,0.46,,6.0,4.0,23%,36%,8%,54%,47%,76%,1.25,"1,691"
https://www.fotmob.com/players/30895/aaron-lennon,,"Apr 16, 1987",England,7.0,25.0%,4.0,24.0,73.0,43.7%,19.0,9.0,1.0,10.0,73.0,17.0,51.5%,0.0,2.0,165 cm,€1.3M,7.0,0.0,9.0,7.5%,0.46,31.8%,73.5%,3.0,247,13.0,43.3%,20.0,,13.0,601,48.0,Right,,1.13,2.0,1.13,,12.0,4.0,,,,,,,1.63,"1,548"
https://www.fotmob.com/players/637746/odsonne-edouard,,"Jan 16, 1998",France,38.0,45.8%,8.0,14.0,90.0,38.1%,25.0,,,12.0,62.0,10.0,62.5%,0.0,4.0,187 cm,€20M,4.0,3.0,21.0,,1.61,66.7%,73.7%,,306,27.0,44.8%,6.0,,30.0,739,90.0,Right,29.0,6.62,6.0,5.83,1.0,40.0,18.0,54%,36%,97%,7%,65%,86%,5.09,"1,567"
https://www.fotmob.com/players/1029063/michael-olise,,"Dec 12, 2001",France,7.0,29.2%,4.0,17.0,84.0,44.7%,16.0,6.0,,8.0,66.0,18.0,81.8%,0.0,4.0,184 cm,€58M,28.0,5.0,24.0,18.8%,3.6,62.2%,81.4%,18.0,445,21.0,45.2%,27.0,,28.0,914,43.0,Left,17.0,1.84,2.0,1.84,,19.0,10.0,39%,99%,26%,93%,92%,99%,1.81,"1,137"
https://www.fotmob.com/players/1113891/luke-plange,,"Nov 4, 2002",England,23.0,19.5%,5.0,6.0,59.0,23.8%,18.0,1.0,,5.0,28.0,3.0,50.0%,0.0,1.0,188 cm,€600K,3.0,2.0,9.0,,0.98,60.0%,78.6%,,198,42.0,34.9%,15.0,1.0,15.0,503,52.0,Right,,3.67,4.0,3.67,,22.0,11.0,3%,1%,1%,5%,1%,1%,4.33,"1,674"
https://www.fotmob.com/players/874025/vitaliy-mykolenko,,"May 29, 1999",Ukraine,10.0,45.5%,1.0,9.0,47.0,52.2%,13.0,16.0,,4.0,64.0,15.0,60.0%,0.0,0.0,180 cm,€33M,13.0,0.0,8.0,19.5%,0.85,32.5%,73.4%,8.0,235,4.0,33.3%,9.0,1.0,3.0,628,14.0,Left,19.0,0.61,1.0,0.61,,8.0,2.0,76%,36%,67%,38%,22%,7%,0.48,"1,056"
https://www.fotmob.com/players/1112684/nathan-patterson,,"Oct 16, 2001",Scotland,2.0,33.3%,1.0,,16.0,53.3%,4.0,,,1.0,14.0,4.0,80.0%,0.0,0.0,189 cm,€19M,4.0,1.0,3.0,18.8%,0.61,66.7%,86.5%,3.0,134,2.0,60.0%,3.0,,6.0,232,7.0,Right,2.0,0.06,0.0,0.06,,2.0,,51%,92%,55%,0%,16%,87%,,231
https://www.fotmob.com/players/51545/jose-salomon-rondon,,"Sep 16, 1989",Venezuela,38.0,40.4%,6.0,10.0,52.0,35.6%,12.0,,,5.0,20.0,1.0,16.7%,1.0,3.0,186 cm,€1.5M,3.0,1.0,8.0,16.7%,0.65,75.0%,62.4%,1.0,116,10.0,40.0%,4.0,,4.0,304,46.0,Right,23.0,1.86,1.0,1.86,,21.0,6.0,69%,52%,36%,66%,84%,59%,1.63,783
https://www.fotmob.com/players/644459/patson-daka,,"Oct 9, 1998",Zambia,17.0,27.9%,5.0,17.0,49.0,31.0%,17.0,2.0,,7.0,29.0,10.0,66.7%,0.0,2.0,183 cm,€15M,3.0,3.0,13.0,,0.81,60.0%,74.5%,,164,18.0,18.8%,14.0,,3.0,400,52.0,Right,20.0,4.22,5.0,4.22,,26.0,16.0,85%,2%,91%,17%,30%,12%,5.7,"1,161"
https://www.fotmob.com/players/860914/luis-diaz,,"Jan 13, 1997",Colombia,15.0,48.4%,15.0,6.0,69.0,46.6%,14.0,4.0,,14.0,54.0,7.0,77.8%,0.0,0.0,180 cm,€87M,6.0,3.0,20.0,35.7%,1.48,75.0%,87.7%,5.0,385,26.0,63.3%,14.0,,31.0,660,89.0,Right,7.0,4.08,4.0,4.08,,38.0,13.0,59%,51%,56%,92%,68%,39%,3.8,960
https://www.fotmob.com/players/974753/julian-alvarez,,"Jan 31, 2000",Argentina,7.0,36.8%,2.0,14.0,25.0,32.9%,6.0,3.0,,9.0,34.0,8.0,80.0%,0.0,0.0,170 cm,€95M,17.0,3.0,16.0,29.1%,0.7,58.6%,69.7%,16.0,186,8.0,38.9%,2.0,,7.0,443,35.0,Right,19.0,1.14,1.0,1.14,,18.0,6.0,4%,87%,34%,78%,46%,91%,0.96,614
https://www.fotmob.com/players/1157237/christos-tzolis,,"Jan 30, 2002",Greece,3.0,21.4%,3.0,7.0,12.0,31.6%,2.0,1.0,,4.0,13.0,3.0,60.0%,0.0,0.0,175 cm,€9.5M,3.0,0.0,8.0,28.6%,0.58,27.3%,75.0%,2.0,72,4.0,,4.0,,,147,18.0,Right,8.0,0.47,0.0,0.47,,6.0,2.0,50%,91%,29%,92%,96%,66%,0.19,327
https://www.fotmob.com/players/670009/dimitrios-giannoulis,,"Oct 17, 1995",Greece,8.0,53.3%,1.0,12.0,95.0,60.5%,16.0,19.0,,4.0,105.0,21.0,58.3%,0.0,2.0,175 cm,€3M,11.0,1.0,9.0,13.6%,0.99,25.0%,76.5%,6.0,423,11.0,63.0%,22.0,,29.0,962,10.0,Left,13.0,0.12,0.0,0.12,,2.0,1.0,16%,75%,51%,40%,35%,45%,0.03,"1,166"
https://www.fotmob.com/players/1107910/valentino-livramento,,"Nov 12, 2002",England,24.0,49.0%,3.0,18.0,144.0,59.3%,12.0,47.0,,9.0,176.0,28.0,51.9%,0.0,2.0,182 cm,€38M,27.0,1.0,20.0,19.4%,2.65,35.5%,78.6%,12.0,712,19.0,54.5%,36.0,1.0,30.0,"1,588",48.0,Right,21.0,1.7,1.0,1.7,,12.0,3.0,36%,53%,27%,0%,7%,50%,1.16,"2,203"
https://www.fotmob.com/players/519835/adam-armstrong,,"Feb 10, 1997",England,13.0,36.1%,16.0,6.0,45.0,35.7%,13.0,3.0,,10.0,36.0,4.0,40.0%,0.0,1.0,172 cm,€20M,9.0,2.0,13.0,,1.43,60.0%,74.9%,,227,13.0,38.1%,6.0,1.0,16.0,531,79.0,Right,9.0,4.55,2.0,4.55,,47.0,14.0,5%,13%,22%,18%,31%,25%,3.34,"1,414"
https://www.fotmob.com/players/1107280/pape-sarr,,"Sep 14, 2002",Senegal,30.0,48.4%,7.0,20.0,127.0,49.8%,32.0,29.0,,15.0,171.0,26.0,56.5%,0.0,7.0,184 cm,€40M,56.0,3.0,20.0,25.0%,1.16,57.1%,83.3%,1.0,834,25.0,54.5%,22.0,,30.0,"1,385",16.0,Right,29.0,2.07,1.0,2.07,,31.0,8.0,80%,25%,65%,82%,75%,43%,2.42,"2,129"
https://www.fotmob.com/players/909803/edo-kayembe,,"Jun 3, 1998",DR Congo,13.0,40.6%,3.0,8.0,51.0,52.0%,4.0,9.0,,5.0,77.0,13.0,61.9%,0.0,0.0,183 cm,€3.3M,29.0,0.0,6.0,12.5%,0.29,69.0%,85.9%,1.0,372,11.0,70.6%,5.0,,12.0,564,1.0,Left,39.0,0.22,0.0,0.22,,6.0,,71%,10%,42%,55%,42%,48%,,799
https://www.fotmob.com/players/769673/emmanuel-dennis,,"Nov 15, 1997",Nigeria,45.0,36.0%,16.0,35.0,204.0,38.8%,59.0,15.0,,22.0,125.0,35.0,68.6%,1.0,7.0,174 cm,€5M,10.0,6.0,33.0,20.5%,2.07,52.6%,68.3%,8.0,393,63.0,43.6%,40.0,1.0,68.0,"1,265",146.0,Right,25.0,7.45,10.0,7.45,,60.0,26.0,86%,20%,89%,0%,26%,54%,7.54,"2,589"
https://www.fotmob.com/players/968936/matthew-pollock,,"Sep 28, 2001",England,138.0,64.8%,3.0,9.0,201.0,65.5%,21.0,36.0,,1.0,147.0,24.0,72.7%,0.0,1.0,190 cm,€950K,103.0,2.0,10.0,50.0%,0.0,33.8%,70.1%,2.0,971,3.0,66.7%,31.0,,2.0,"1,803",58.0,Right,6.0,0.02,1.0,0.02,,17.0,4.0,94%,78%,73%,73%,70%,90%,,"2,869"
https://www.fotmob.com/players/149962/nicolas-nkoulou,,"Mar 27, 1990",Cameroon,2.0,100.0%,,,4.0,66.7%,1.0,2.0,,,9.0,,,0.0,0.0,185 cm,€1.1M,4.0,0.0,1.0,,0.0,66.7%,87.7%,,50,1.0,100.0%,,,1.0,75,,Right,,,0.0,,,0.0,,17%,13%,14%,67%,39%,1%,,168
https://www.fotmob.com/players/557677/nikola-vlasic,,"Oct 4, 1997",Croatia,5.0,41.7%,3.0,15.0,41.0,46.1%,8.0,2.0,,3.0,30.0,7.0,63.6%,0.0,0.0,178 cm,€15M,3.0,0.0,9.0,6.7%,0.57,50.0%,80.8%,1.0,164,9.0,50.0%,16.0,,9.0,313,26.0,Right,10.0,1.33,1.0,1.33,,7.0,3.0,87%,35%,62%,38%,14%,27%,0.7,554
https://www.fotmob.com/players/1127007/chiquinho,,"Feb 5, 2000",Portugal,4.0,44.4%,1.0,1.0,31.0,52.5%,9.0,2.0,,3.0,17.0,6.0,66.7%,0.0,0.0,179 cm,€2.7M,2.0,3.0,5.0,28.0%,0.58,50.0%,73.3%,7.0,55,6.0,58.8%,8.0,,10.0,174,18.0,Right,20.0,0.59,0.0,0.59,,5.0,2.0,34%,50%,94%,0%,63%,45%,0.42,204
https://www.fotmob.com/players/888904/bendeguz-bolla,,"Nov 22, 1999",Hungary,14.0,41.2%,5.0,24.0,104.0,49.5%,37.0,33.0,1.0,7.0,131.0,31.0,77.5%,0.0,4.0,179 cm,€2.8M,61.0,2.0,26.0,28.6%,3.09,44.9%,76.3%,16.0,760,6.0,61.1%,17.0,,33.0,"1,657",35.0,Right,77.0,2.28,4.0,2.28,,34.0,12.0,23%,75%,44%,68%,86%,87%,3.41,"2,449"
https://www.fotmob.com/players/1109166/sang-bin-jeong,,"Apr 1, 2002",South Korea,,,,3.0,3.0,17.6%,1.0,,,2.0,6.0,,,0.0,0.0,173 cm,€2.4M,1.0,0.0,,,0.03,25.0%,64.3%,,18,3.0,28.6%,1.0,,2.0,59,4.0,Right,7.0,,0.0,,,0.0,,60%,65%,3%,97%,93%,5%,,176
https://www.fotmob.com/players/435151/hayao-kawabe,,"Sep 8, 1995",Japan,29.0,46.0%,13.0,35.0,125.0,44.6%,52.0,27.0,1.0,21.0,181.0,24.0,61.5%,0.0,6.0,175 cm,€4.8M,59.0,2.0,29.0,37.5%,1.92,56.7%,77.4%,9.0,724,23.0,54.8%,40.0,,17.0,"1,344",71.0,Right,6.0,4.69,7.0,4.69,,42.0,13.0,50%,86%,48%,59%,55%,36%,5.78,"2,676"
https://www.fotmob.com/players/1025462/fabio-vieira,,"May 30, 2000",Portugal,3.0,37.5%,6.0,2.0,20.0,40.8%,3.0,4.0,,8.0,34.0,4.0,66.7%,0.0,0.0,170 cm,€20M,5.0,2.0,12.0,25.0%,1.41,41.7%,84.6%,5.0,226,8.0,35.3%,5.0,,6.0,376,26.0,Left,10.0,0.85,1.0,0.85,,15.0,2.0,32%,81%,64%,52%,67%,85%,0.25,499
https://www.fotmob.com/players/1140003/illia-zabarnyi,,"Sep 1, 2002",Ukraine,1.0,25.0%,,4.0,8.0,44.4%,1.0,3.0,,,18.0,2.0,50.0%,0.0,0.0,186 cm,€44M,9.0,0.0,,,0.01,52.9%,92.5%,,184,2.0,100.0%,2.0,,1.0,241,,Right,27.0,,0.0,,,0.0,,44%,64%,51%,50%,18%,19%,,297
https://www.fotmob.com/players/785411/marcos-senesi,,"May 10, 1997",Argentina,27.0,55.1%,1.0,21.0,97.0,54.8%,29.0,43.0,2.0,,168.0,35.0,70.0%,0.0,7.0,184 cm,€25M,107.0,0.0,5.0,25.0%,0.37,49.3%,81.4%,2.0,"1,051",4.0,66.7%,13.0,,8.0,"1,691",16.0,Left,5.0,1.62,2.0,1.62,,8.0,3.0,82%,82%,88%,0%,30%,70%,0.52,"2,495"
https://www.fotmob.com/players/789630/marcus-tavernier,,"Mar 22, 1999",England,17.0,34.7%,10.0,22.0,124.0,43.8%,21.0,9.0,,10.0,124.0,22.0,66.7%,0.0,1.0,178 cm,€25M,19.0,4.0,19.0,22.6%,1.3,42.2%,77.3%,21.0,461,40.0,50.5%,28.0,,46.0,"1,115",60.0,Left,16.0,3.13,5.0,3.13,,37.0,15.0,84%,80%,69%,15%,76%,80%,4.11,"1,749"
https://www.fotmob.com/players/933576/antoine-semenyo,,"Jan 7, 2000",Ghana,9.0,50.0%,1.0,5.0,18.0,40.0%,6.0,2.0,,,13.0,,,0.0,0.0,185 cm,€36M,1.0,0.0,2.0,,0.03,33.3%,67.9%,,38,6.0,60.0%,5.0,,3.0,115,5.0,Right,24.0,0.26,1.0,0.26,,3.0,1.0,94%,22%,82%,72%,93%,39%,0.03,251
https://www.fotmob.com/players/613182/joe-rothwell,,"Jan 11, 1995",England,1.0,25.0%,1.0,14.0,40.0,47.6%,17.0,9.0,,3.0,56.0,13.0,65.0%,0.0,2.0,185 cm,€2.6M,19.0,1.0,8.0,30.8%,1.48,47.5%,87.6%,8.0,376,4.0,69.6%,3.0,,16.0,567,5.0,Right,8.0,0.15,0.0,0.15,,3.0,2.0,20%,96%,2%,0%,19%,89%,0.03,"1,018"
https://www.fotmob.com/players/1010426/keane-lewis-potter,,"Feb 22, 2001",England,4.0,50.0%,3.0,,13.0,36.1%,1.0,,,2.0,20.0,,,0.0,0.0,170 cm,€20M,,1.0,5.0,12.5%,0.27,,60.5%,1.0,46,8.0,28.6%,4.0,,4.0,154,20.0,Right,23.0,0.48,0.0,0.48,,7.0,2.0,35%,40%,7%,62%,79%,2%,0.43,317
https://www.fotmob.com/players/1073742/julio-enciso,,"Jan 23, 2004",Paraguay,6.0,42.9%,8.0,5.0,66.0,48.2%,13.0,4.0,,8.0,36.0,4.0,30.8%,0.0,1.0,173 cm,€27M,1.0,2.0,13.0,,1.35,25.0%,72.7%,,176,20.0,56.1%,15.0,,32.0,455,54.0,Right,,3.99,4.0,3.99,,38.0,18.0,62%,50%,31%,45%,98%,49%,4.75,800
https://www.fotmob.com/players/1227012/simon-adingra,,"Jan 1, 2002",Ivory Coast,5.0,38.5%,10.0,14.0,114.0,39.9%,25.0,14.0,1.0,20.0,133.0,18.0,72.0%,1.0,1.0,175 cm,€25M,23.0,9.0,46.0,20.9%,6.49,62.2%,79.6%,23.0,583,56.0,45.4%,25.0,1.0,59.0,"1,319",144.0,Right,11.0,7.04,11.0,7.04,,50.0,24.0,35%,48%,32%,62%,64%,21%,8.8,"2,348"
https://www.fotmob.com/players/1336566/facundo-buonanotte,,"Dec 23, 2004",Argentina,2.0,33.3%,4.0,21.0,18.0,28.6%,9.0,4.0,,5.0,25.0,1.0,50.0%,0.0,2.0,174 cm,€22M,10.0,1.0,6.0,57.1%,0.39,76.9%,81.7%,4.0,152,2.0,43.8%,7.0,,7.0,271,19.0,Left,40.0,1.39,1.0,1.39,,11.0,3.0,71%,58%,98%,81%,69%,86%,0.74,563
https://www.fotmob.com/players/1168311/yasin-ayari,,"Oct 6, 2003",Sweden,,,,4.0,5.0,50.0%,,,,1.0,3.0,2.0,100.0%,0.0,0.0,172 cm,€5M,2.0,0.0,2.0,,0.3,100.0%,90.9%,,20,0.0,,3.0,,,33,1.0,Right,26.0,0.02,0.0,0.02,,1.0,,47%,84%,56%,66%,76%,45%,,65
https://www.fotmob.com/players/1137705/enzo-fernandez,,"Jan 17, 2001",Argentina,7.0,41.2%,7.0,35.0,91.0,52.9%,11.0,16.0,,9.0,118.0,27.0,60.0%,0.0,3.0,178 cm,€75M,133.0,2.0,20.0,7.1%,2.65,74.7%,89.1%,1.0,"1,266",13.0,56.7%,22.0,,17.0,"1,681",9.0,Right,8.0,0.83,0.0,0.83,,20.0,3.0,34%,93%,22%,81%,77%,84%,0.53,"1,551"
https://www.fotmob.com/players/976506/mykhaylo-mudryk,,"Jan 5, 2001",Ukraine,5.0,38.5%,2.0,9.0,41.0,42.7%,8.0,,,5.0,35.0,9.0,81.8%,0.0,1.0,175 cm,€40M,4.0,2.0,10.0,20.0%,1.24,66.7%,81.5%,5.0,150,11.0,39.4%,12.0,,13.0,359,35.0,Right,,1.85,0.0,1.85,,14.0,5.0,58%,77%,15%,46%,38%,21%,1.38,655
https://www.fotmob.com/players/1084981/noni-madueke,,"Mar 10, 2002",England,2.0,28.6%,2.0,7.0,62.0,53.9%,4.0,4.0,,6.0,30.0,8.0,66.7%,0.0,0.0,176 cm,€42M,3.0,0.0,13.0,10.5%,0.7,75.0%,82.3%,2.0,214,13.0,57.9%,15.0,,33.0,464,67.0,Left,11.0,0.92,1.0,0.92,,12.0,6.0,38%,76%,28%,81%,92%,47%,1.37,646
https://www.fotmob.com/players/1207581/david-datro-fofana,,"Dec 22, 2002",Ivory Coast,,,,,11.0,57.9%,3.0,,,3.0,6.0,1.0,33.3%,0.0,0.0,181 cm,€10M,1.0,0.0,3.0,,0.07,100.0%,87.5%,,7,3.0,71.4%,3.0,,5.0,43,9.0,Right,,0.24,0.0,0.24,,3.0,2.0,58%,42%,97%,42%,7%,71%,0.03,68
https://www.fotmob.com/players/524434/joao-palhinha,,"Jul 9, 1995",Portugal,72.0,64.3%,12.0,64.0,283.0,59.5%,48.0,46.0,1.0,24.0,212.0,83.0,56.1%,0.0,14.0,190 cm,€57M,88.0,0.0,7.0,,0.42,63.3%,83.0%,,"1,051",28.0,48.3%,50.0,,14.0,"1,834",34.0,Right,16.0,2.9,3.0,2.9,,39.0,9.0,94%,22%,59%,42%,81%,95%,1.76,"3,113"
https://www.fotmob.com/players/866201/carlos-vinicius,,"Mar 25, 1995",Brazil,27.0,29.7%,4.0,4.0,51.0,30.5%,21.0,,,6.0,22.0,1.0,25.0%,0.0,3.0,190 cm,€4.5M,,2.0,8.0,16.7%,0.79,,64.8%,1.0,118,23.0,38.5%,15.0,,5.0,369,61.0,Left,12.0,3.29,5.0,3.29,,21.0,12.0,40%,72%,70%,72%,65%,8%,5.32,"1,101"
https://www.fotmob.com/players/94086/willian,,"Aug 9, 1988",Brazil,9.0,27.3%,13.0,18.0,82.0,45.6%,11.0,9.0,,18.0,105.0,8.0,61.5%,0.0,2.0,175 cm,€3M,53.0,5.0,51.0,23.3%,3.05,67.9%,82.3%,14.0,696,25.0,62.7%,24.0,,37.0,"1,194",79.0,Right,22.0,3.4,5.0,3.4,,41.0,18.0,52%,94%,27%,0%,40%,95%,6.34,"2,142"
https://www.fotmob.com/players/956925/georginio-rutter,,"Apr 20, 2002",France,11.0,55.0%,2.0,3.0,36.0,45.0%,5.0,3.0,,2.0,7.0,9.0,90.0%,0.0,0.0,182 cm,€33M,1.0,1.0,4.0,,0.22,100.0%,50.8%,,31,14.0,40.9%,6.0,,9.0,154,21.0,Left,14.0,0.39,0.0,0.39,,4.0,,91%,23%,87%,76%,79%,8%,,264
https://www.fotmob.com/players/952322/brenden-aaronson,,"Oct 22, 2000",United States,8.0,17.0%,12.0,31.0,142.0,39.8%,16.0,5.0,,28.0,128.0,18.0,40.0%,0.0,2.0,178 cm,€14M,8.0,3.0,46.0,26.4%,2.59,40.0%,79.1%,19.0,569,82.0,41.5%,55.0,,34.0,"1,304",81.0,Right,11.0,3.87,1.0,3.87,,41.0,9.0,55%,69%,34%,41%,46%,45%,3.33,"2,384"
https://www.fotmob.com/players/846369/luis-sinisterra,,"Jun 17, 1999",Colombia,18.0,50.0%,6.0,8.0,70.0,46.7%,14.0,8.0,1.0,12.0,65.0,14.0,66.7%,1.0,1.0,172 cm,€20M,9.0,0.0,9.0,28.6%,0.88,60.0%,81.5%,2.0,268,23.0,52.8%,12.0,,19.0,523,36.0,Right,17.0,3.73,5.0,3.73,,28.0,11.0,83%,98%,97%,97%,98%,79%,2.69,875
https://www.fotmob.com/players/729769/tyler-adams,,"Feb 14, 1999",United States,26.0,63.4%,2.0,29.0,143.0,56.7%,37.0,35.0,,17.0,199.0,46.0,51.7%,1.0,4.0,175 cm,€18M,41.0,0.0,24.0,,1.02,44.6%,82.4%,,"1,094",18.0,40.0%,21.0,,8.0,"1,699",6.0,Right,12.0,0.14,0.0,0.14,,4.0,,70%,48%,96%,0%,7%,60%,,"2,157"
https://www.fotmob.com/players/722207/rasmus-kristensen,,"Jul 11, 1997",Denmark,34.0,55.7%,2.0,34.0,109.0,54.2%,19.0,35.0,,3.0,119.0,35.0,56.5%,0.0,4.0,176 cm,€12M,31.0,1.0,9.0,17.1%,0.9,31.0%,69.3%,6.0,577,5.0,50.0%,6.0,,7.0,"1,309",24.0,Right,13.0,0.83,3.0,0.83,,13.0,5.0,90%,20%,68%,95%,71%,77%,0.21,"1,961"
https://www.fotmob.com/players/640220/marc-roca,,"Nov 26, 1996",Spain,19.0,59.4%,14.0,46.0,130.0,49.2%,40.0,23.0,,16.0,169.0,40.0,60.6%,0.0,7.0,184 cm,€11M,68.0,2.0,33.0,18.4%,2.55,49.3%,79.4%,14.0,961,26.0,63.0%,29.0,,17.0,"1,650",30.0,Left,21.0,2.14,1.0,2.14,,35.0,13.0,22%,59%,72%,79%,51%,64%,2.09,"2,329"
https://www.fotmob.com/players/701149/maximilian-wober,,"Feb 4, 1998",Austria,27.0,55.1%,4.0,8.0,53.0,53.0%,15.0,27.0,1.0,1.0,75.0,18.0,72.0%,0.0,3.0,189 cm,€12M,41.0,0.0,6.0,28.6%,0.38,36.3%,71.3%,2.0,459,2.0,,1.0,,,873,17.0,Left,39.0,0.76,0.0,0.76,,9.0,2.0,90%,96%,93%,97%,100%,96%,0.4,"1,263"
https://www.fotmob.com/players/1107286/wilfried-gnonto,,"Nov 5, 2003",Italy,8.0,30.8%,8.0,20.0,95.0,42.6%,28.0,5.0,,13.0,82.0,17.0,63.0%,0.0,7.0,170 cm,€18M,3.0,4.0,22.0,19.0%,2.19,20.0%,77.0%,8.0,349,19.0,32.8%,39.0,,21.0,793,46.0,Right,29.0,1.85,2.0,1.85,,22.0,8.0,70%,58%,42%,64%,88%,56%,1.88,"1,348"
https://www.fotmob.com/players/671518/harry-souttar,,"Oct 22, 1998",Australia,38.0,86.4%,2.0,11.0,61.0,73.5%,5.0,12.0,,1.0,45.0,9.0,60.0%,0.0,2.0,198 cm,€7.3M,21.0,1.0,3.0,,0.1,33.9%,81.4%,,446,0.0,100.0%,5.0,,3.0,674,15.0,Right,15.0,1.43,0.0,1.43,,8.0,2.0,89%,13%,47%,0%,69%,90%,0.1,991
https://www.fotmob.com/players/1211437/victor-kristiansen,,"Dec 16, 2002",Denmark,9.0,37.5%,1.0,8.0,63.0,53.4%,17.0,3.0,,2.0,53.0,23.0,60.5%,0.0,2.0,181 cm,€18M,14.0,1.0,7.0,27.6%,0.62,28.6%,69.5%,8.0,253,10.0,58.3%,9.0,,7.0,638,4.0,Left,16.0,0.12,0.0,0.12,,3.0,,34%,31%,72%,0%,1%,40%,,894
https://www.fotmob.com/players/950561/darwin-nunez,,"Jun 24, 1999",Uruguay,36.0,41.4%,13.0,13.0,82.0,38.3%,25.0,3.0,,11.0,44.0,5.0,45.5%,1.0,1.0,187 cm,€50M,16.0,3.0,28.0,5.6%,2.81,69.6%,67.1%,1.0,249,27.0,48.6%,17.0,1.0,18.0,691,157.0,Right,9.0,11.59,9.0,11.59,,84.0,37.0,41%,40%,90%,14%,68%,32%,12.06,"1,699"
https://www.fotmob.com/players/806552/cody-gakpo,,"May 7, 1999",Netherlands,26.0,52.0%,12.0,25.0,108.0,47.0%,26.0,4.0,,15.0,57.0,15.0,57.7%,0.0,0.0,193 cm,€72M,7.0,2.0,23.0,5.9%,1.89,63.6%,78.4%,1.0,291,36.0,63.9%,33.0,1.0,23.0,670,82.0,Right,18.0,6.22,7.0,6.22,,39.0,13.0,69%,85%,48%,94%,83%,28%,6.14,"1,465"
https://www.fotmob.com/players/844477/sergio-gomez,,"Sep 4, 2000",Spain,3.0,23.1%,1.0,3.0,14.0,41.2%,1.0,2.0,,1.0,19.0,4.0,44.4%,0.0,0.0,171 cm,€13M,5.0,1.0,5.0,25.0%,1.07,71.4%,89.2%,2.0,256,3.0,,2.0,,,368,10.0,Left,17.0,0.62,0.0,0.62,,7.0,,52%,68%,76%,20%,2%,85%,,341
https://www.fotmob.com/players/967622/antony,,"Feb 24, 2000",Brazil,5.0,20.8%,21.0,20.0,83.0,44.6%,15.0,11.0,,16.0,99.0,9.0,40.9%,0.0,5.0,174 cm,€20.2M,17.0,2.0,28.0,9.4%,2.43,63.0%,82.2%,3.0,636,12.0,45.6%,25.0,,31.0,"1,130",85.0,Left,7.0,6.55,4.0,6.55,,72.0,24.0,23%,74%,61%,74%,89%,91%,7.64,"1,816"
https://www.fotmob.com/players/847983/lisandro-martinez,,"Jan 18, 1998",Argentina,32.0,50.8%,3.0,13.0,110.0,60.1%,21.0,33.0,,1.0,164.0,28.0,51.9%,0.0,6.0,178 cm,€50M,68.0,0.0,6.0,,1.01,41.2%,87.3%,,"1,325",9.0,100.0%,10.0,,14.0,"1,850",11.0,Left,6.0,0.75,1.0,0.75,,10.0,1.0,8%,93%,19%,83%,96%,77%,0.12,"2,115"
https://www.fotmob.com/players/865118/tyrell-malacia,,"Aug 17, 1999",Netherlands,8.0,66.7%,2.0,11.0,73.0,49.7%,39.0,25.0,,7.0,90.0,33.0,71.7%,0.0,6.0,169 cm,€16M,19.0,0.0,9.0,20.0%,0.72,50.0%,87.4%,3.0,584,8.0,31.6%,13.0,,6.0,"1,020",16.0,Left,3.0,0.25,0.0,0.25,,5.0,2.0,10%,80%,59%,0%,33%,86%,0.1,"1,393"
https://www.fotmob.com/players/643717/taiwo-awoniyi,,"Aug 12, 1997",Nigeria,20.0,24.7%,3.0,6.0,65.0,33.3%,24.0,4.0,,15.0,56.0,10.0,58.8%,0.0,2.0,183 cm,€24M,1.0,1.0,10.0,,0.32,16.7%,64.8%,,142,29.0,45.0%,19.0,,9.0,491,57.0,Right,9.0,6.6,10.0,6.6,,35.0,15.0,66%,33%,73%,12%,35%,38%,3.77,"1,411"
https://www.fotmob.com/players/1181700/danilo,,"Apr 29, 2001",Brazil,4.0,22.2%,3.0,19.0,39.0,44.3%,4.0,9.0,,10.0,60.0,7.0,38.9%,0.0,1.0,176 cm,€30M,14.0,2.0,9.0,,0.56,42.4%,64.3%,,146,8.0,77.8%,3.0,,14.0,409,21.0,Left,28.0,1.54,3.0,1.54,,15.0,4.0,33%,0%,87%,0%,2%,36%,1.64,979
https://www.fotmob.com/players/914134/lewis-obrien,,"Oct 14, 1998",England,2.0,25.0%,2.0,6.0,40.0,59.7%,5.0,5.0,,3.0,51.0,9.0,56.2%,0.0,2.0,173 cm,€5.2M,2.0,0.0,4.0,,0.19,16.7%,78.7%,,163,7.0,70.0%,15.0,,7.0,318,3.0,Left,8.0,0.34,1.0,0.34,,7.0,2.0,40%,60%,56%,47%,54%,63%,0.42,580
https://www.fotmob.com/players/575804/harry-toffolo,,"Aug 19, 1995",England,13.0,48.1%,1.0,4.0,38.0,50.0%,10.0,10.0,1.0,4.0,54.0,8.0,47.1%,0.0,2.0,183 cm,€5.5M,6.0,0.0,5.0,20.7%,0.94,15.0%,65.3%,6.0,190,6.0,37.5%,5.0,,3.0,516,13.0,Left,15.0,0.33,0.0,0.33,,6.0,2.0,74%,2%,93%,0%,4%,21%,0.13,935
https://www.fotmob.com/players/844937/josh-bowler,,"Mar 5, 1999",England,4.0,33.3%,15.0,11.0,104.0,45.8%,20.0,7.0,,11.0,81.0,10.0,66.7%,0.0,0.0,175 cm,€1.3M,16.0,1.0,14.0,10.0%,1.92,61.5%,76.0%,2.0,269,34.0,53.6%,25.0,,60.0,740,69.0,Left,,4.01,4.0,4.01,,53.0,21.0,0%,42%,3%,0%,98%,1%,4.35,"1,747"
https://www.fotmob.com/players/544424/gustavo-scarpa,,"Jan 5, 1994",Brazil,1.0,33.3%,4.0,3.0,15.0,57.7%,4.0,,,2.0,12.0,2.0,40.0%,0.0,1.0,176 cm,€8.5M,8.0,0.0,1.0,,0.05,50.0%,67.6%,,48,0.0,33.3%,8.0,,1.0,115,1.0,Left,10.0,0.26,0.0,0.26,,7.0,1.0,37%,95%,11%,79%,99%,82%,0.02,180
https://www.fotmob.com/players/95955/andre-ayew,,"Dec 17, 1989",Ghana,14.0,38.9%,1.0,2.0,28.0,44.4%,3.0,,,,9.0,3.0,60.0%,0.0,1.0,175 cm,€1.3M,,0.0,1.0,,0.03,,73.6%,,53,4.0,20.0%,8.0,,1.0,119,8.0,Left,28.0,1.05,0.0,0.26,,4.0,2.0,70%,4%,78%,16%,2%,9%,1.59,307
https://www.fotmob.com/players/195299/serge-aurier,,"Dec 24, 1992",Ivory Coast,46.0,59.0%,1.0,10.0,145.0,62.2%,18.0,29.0,,9.0,126.0,41.0,64.1%,0.0,2.0,176 cm,€7.5M,21.0,0.0,10.0,20.0%,0.93,40.4%,72.8%,8.0,534,18.0,59.3%,19.0,,16.0,"1,303",14.0,Right,,0.77,1.0,0.77,,9.0,3.0,95%,8%,35%,0%,26%,23%,0.58,"1,949"
https://www.fotmob.com/players/1190867/romeo-lavia,,"Jan 6, 2004",Belgium,8.0,44.4%,6.0,32.0,143.0,55.9%,28.0,33.0,,15.0,187.0,35.0,58.3%,0.0,9.0,181 cm,€40M,47.0,0.0,16.0,66.7%,0.61,66.2%,86.4%,2.0,856,31.0,68.3%,48.0,1.0,28.0,"1,386",2.0,Right,45.0,0.4,1.0,0.4,,12.0,3.0,57%,54%,53%,0%,4%,60%,0.48,"2,230"
https://www.fotmob.com/players/412357/paul-onuachu,,"May 28, 1994",Nigeria,37.0,54.4%,2.0,2.0,55.0,48.2%,14.0,,,3.0,14.0,2.0,66.7%,0.0,0.0,202 cm,€11M,4.0,0.0,4.0,,0.07,80.0%,60.4%,,55,9.0,69.2%,6.0,,9.0,172,25.0,Right,,1.28,0.0,1.28,,11.0,5.0,98%,19%,86%,44%,81%,89%,0.74,405
https://www.fotmob.com/players/1128965/carlos-alcaraz,,"Nov 30, 2002",Argentina,7.0,20.0%,6.0,16.0,47.0,33.8%,16.0,1.0,,8.0,53.0,5.0,50.0%,0.0,3.0,183 cm,€15M,6.0,2.0,5.0,,0.72,42.9%,78.1%,,221,24.0,54.2%,17.0,,13.0,473,23.0,Right,24.0,1.9,4.0,1.9,,24.0,10.0,90%,75%,86%,52%,89%,79%,2.84,"1,034"
https://www.fotmob.com/players/951765/armel-bella-kotchap,,"Dec 11, 2001",Germany,40.0,58.8%,1.0,5.0,114.0,69.1%,9.0,44.0,,2.0,145.0,17.0,45.9%,0.0,4.0,190 cm,€15M,47.0,2.0,6.0,,0.45,31.3%,80.3%,,744,6.0,57.1%,33.0,,4.0,"1,257",23.0,Right,37.0,1.05,0.0,1.05,,14.0,2.0,65%,0%,38%,0%,31%,91%,0.4,"1,885"
https://www.fotmob.com/players/1177312/sekou-mara,,"Jul 30, 2002",France,25.0,38.5%,2.0,6.0,58.0,36.7%,20.0,1.0,,7.0,25.0,10.0,71.4%,0.0,1.0,183 cm,€7M,1.0,2.0,6.0,,0.33,33.3%,66.0%,,68,18.0,44.8%,6.0,,13.0,261,26.0,Right,14.0,1.02,1.0,1.02,,17.0,5.0,67%,5%,76%,22%,79%,78%,0.98,541
https://www.fotmob.com/players/1130774/samuel-edozie,,"Jan 28, 2003",England,6.0,33.3%,4.0,5.0,57.0,55.9%,1.0,6.0,,4.0,30.0,10.0,58.8%,0.0,0.0,179 cm,€8.2M,2.0,0.0,8.0,18.2%,0.43,28.6%,71.7%,2.0,109,12.0,42.9%,22.0,1.0,12.0,319,35.0,Right,27.0,0.87,0.0,0.87,,8.0,3.0,8%,49%,39%,58%,52%,66%,0.53,559
https://www.fotmob.com/players/557799/duje-caleta-car,,"Sep 17, 1996",Croatia,19.0,59.4%,,3.0,36.0,57.1%,9.0,15.0,,,54.0,10.0,71.4%,0.0,2.0,186 cm,€7.5M,39.0,0.0,1.0,,0.18,47.0%,85.2%,,479,2.0,100.0%,1.0,,2.0,702,9.0,Right,55.0,0.8,1.0,0.8,,5.0,2.0,59%,12%,77%,41%,76%,41%,0.37,945
https://www.fotmob.com/players/798659/joe-aribo,,"Jul 21, 1996",Nigeria,30.0,41.1%,5.0,9.0,91.0,46.7%,10.0,10.0,,20.0,76.0,20.0,64.5%,0.0,2.0,183 cm,€5.5M,5.0,0.0,9.0,,0.46,62.5%,74.1%,,278,22.0,44.7%,13.0,,17.0,617,49.0,Left,7.0,1.53,2.0,1.53,,14.0,8.0,61%,24%,30%,64%,26%,68%,2.28,"1,228"
https://www.fotmob.com/players/1195885/juan-larios,,"Jan 12, 2004",Spain,2.0,28.6%,,,12.0,57.1%,1.0,3.0,,,9.0,6.0,85.7%,0.0,0.0,170 cm,€5M,1.0,0.0,,25.0%,0.03,33.3%,80.0%,1.0,44,2.0,75.0%,,,3.0,112,2.0,Left,28.0,,0.0,,,0.0,,,,,,,,,152
https://www.fotmob.com/players/539939/james-bree,,"Dec 11, 1997",England,9.0,69.2%,,1.0,16.0,64.0%,1.0,6.0,,,17.0,3.0,60.0%,0.0,1.0,178 cm,€2.5M,4.0,0.0,4.0,30.8%,0.23,44.4%,77.7%,4.0,108,2.0,66.7%,,,2.0,217,2.0,Right,14.0,0.03,0.0,0.03,,1.0,1.0,5%,98%,2%,90%,25%,73%,0.06,368
https://www.fotmob.com/players/844943/flynn-downes,,"Jan 20, 1999",England,9.0,42.9%,2.0,6.0,38.0,54.3%,8.0,7.0,,3.0,44.0,9.0,56.2%,0.0,2.0,172 cm,€9.5M,5.0,0.0,2.0,,0.13,62.5%,88.4%,,289,6.0,100.0%,12.0,,1.0,425,5.0,Right,4.0,0.43,0.0,0.43,,4.0,1.0,33%,25%,89%,29%,8%,62%,0.02,758
https://www.fotmob.com/players/955529/matheus-nunes,,"Aug 27, 1998",Portugal,22.0,42.3%,10.0,33.0,182.0,52.3%,37.0,16.0,1.0,17.0,154.0,43.0,64.2%,1.0,2.0,183 cm,€52M,81.0,1.0,27.0,20.9%,1.33,68.6%,82.3%,9.0,802,39.0,61.1%,49.0,,44.0,"1,485",56.0,Right,27.0,2.47,1.0,2.47,,28.0,9.0,44%,79%,26%,92%,62%,91%,1.31,"2,475"
https://www.fotmob.com/players/1174672/joao-gomes,,"Feb 12, 2001",Brazil,7.0,63.6%,2.0,10.0,60.0,58.3%,17.0,4.0,,5.0,59.0,13.0,44.8%,0.0,5.0,176 cm,€40M,10.0,0.0,5.0,12.5%,0.1,45.5%,79.5%,1.0,248,5.0,53.3%,16.0,,8.0,438,6.0,Right,8.0,0.31,1.0,0.31,,4.0,2.0,13%,28%,86%,58%,44%,57%,0.39,650
https://www.fotmob.com/players/19243/diego-costa,,"Oct 7, 1988",Spain,30.0,33.3%,6.0,7.0,48.0,27.7%,29.0,2.0,,7.0,25.0,1.0,33.3%,1.0,5.0,185 cm,€1.7M,,0.0,11.0,,0.67,,73.5%,,158,26.0,50.0%,10.0,,5.0,374,63.0,Right,,3.2,1.0,3.2,,28.0,15.0,50%,59%,22%,79%,9%,23%,3.47,"1,245"
