Player Name,Transfer Fee,Season,From (Club),To (Club),From (League),To (League),Position
Krystian Bielik,2.25,2014-2015,Legia Warszawa,Arsenal FC,Ekstraklasa,Premier League,Centre-Back
Dame NDoye,3.96,2014-2015,Loko Moskau,Hull City,Russian Premier League,Premier League,Centre-Forward
Andrew Robertson,3.6,2014-2015,Dundee United,Hull City,Scottish Premiership,Premier League,Left-Back
Harry Maguire,3.15,2014-2015,Sheff Utd,Hull City,Championship,Premier League,Centre-Back
Brian Lenihan,0.26,2014-2015,Cork City,Hull City,League of Ireland,Premier League,Right-Back
Greg Luer,0,2014-2015,Burgess Hill,Hull City,Isthmian League,Premier League,Centre-Forward
Johan Ter Horst,0,2014-2015,F. Invicta,Hull City,,Premier League,Centre-Forward
Andrej Kramaric,9,2014-2015,HNK Rijeka,Leicester City,Croatian First League,Premier League,Attacking Midfield
Tom Lawrence,1.26,2014-2015,Man Utd U21,Leicester City,Premier League 2,Premier League,Attacking Midfield
Marcos Rojo,20,2014-2015,Sporting CP,Manchester United,Primeira Liga,Premier League,Centre-Back
Lazar Markovic,25,2014-2015,Benfica,Liverpool FC,Primeira Liga,Premier League,Right Winger
Divock Origi,12.63,2014-2015,LOSC Lille,Liverpool FC,Ligue 1,Premier League,Centre-Forward
Kevin Stewart,0,2014-2015,Tottenham U21,Liverpool FC,Premier League 2,Premier League,Defensive Midfield
Thomas Agyepong,0,2014-2015,Right to Dream,Manchester City,,Premier League,Left Winger
Vanja Milinkovic-Savic,1.75,2014-2015,Vojvodina,Manchester United,Serbian SuperLiga,Premier League,Goalkeeper
Ayoze Perez,2,2014-2015,CD Tenerife,Newcastle United,Segunda Division,Premier League,Centre-Forward
Ryan Manning,0.07,2014-2015,Galway United,Queens Park Rangers,League of Ireland,Premier League,Left-Back
Jake Mulraney,0,2014-2015,Without Club,Queens Park Rangers,,Premier League,Right Winger
Sadio Mane,23,2014-2015,RB Salzburg,Southampton FC,Austrian Bundesliga,Premier League,Left Winger
Dusan Tadic,14,2014-2015,Twente FC,Southampton FC,Eredivisie,Premier League,Right Winger
Florin Gardos,6.8,2014-2015,Steaua Bucharest,Southampton FC,Liga I,Premier League,Centre-Back
Dionatan Teixeira,0,2014-2015,Banska Bystrica,Stoke City,Fortuna Liga,Premier League,Centre-Back
Jermain Defoe,3.5,2014-2015,Toronto,Sunderland AFC,MLS,Premier League,Centre-Forward
Modou Barrow,1.89,2014-2015,Ostersund,Swansea City,Allsvenskan,Premier League,Left Winger
Stephen Kingsley,0,2014-2015,Falkirk,Swansea City,Scottish Championship,Premier League,Left-Back
Dele Alli,6.63,2014-2015,MK Dons,Tottenham Hotspur,League One,Premier League,Attacking Midfield
DeAndre Yedlin,2.6,2014-2015,Seattle,Tottenham Hotspur,MLS,Premier League,Right-Back
Cristian Gamboa,2.4,2014-2015,Rosenborg,West Bromwich Albion,Eliteserien,Premier League,Right-Back
Eliaquim Mangala,45,2014-2015,FC Porto,Manchester City,Primeira Liga,Premier League,Centre-Back
Sebastian Blanco,2,2014-2015,Metalist Kharkiv,West Bromwich Albion,Ukrainian Premier League,Premier League,Attacking Midfield
Jason Davidson,0,2014-2015,Heracles Almelo,West Bromwich Albion,Eredivisie,Premier League,Centre-Back
Fernando,15,2014-2015,FC Porto,Manchester City,Primeira Liga,Premier League,Defensive Midfield
Enner Valencia,15,2014-2015,Pachuca,West Ham United,Liga MX,Premier League,Centre-Forward
Doneil Henry,1.9,2014-2015,Apol. Limassol,West Ham United,Cypriot First Division,Premier League,Centre-Back
Kenedy,8,2015-2016,Fluminense,Chelsea FC,Brasileirao,Premier League,Left Winger
Nathan,4,2015-2016,Atletico-PR,Chelsea FC,Brasileirao,Premier League,Attacking Midfield
Patrick Roberts,7.2,2015-2016,Fulham,Manchester City,Championship,Premier League,Right Winger
Eric Dier,5,2014-2015,Sporting CP,Tottenham Hotspur,Primeira Liga,Premier League,Centre-Back
Enes Unal,4.4,2015-2016,Bursaspor,Manchester City,Super Lig,Premier League,Centre-Forward
Ruben Sobrino,0.55,2015-2016,Ponferradina,Manchester City,Segunda Division,Premier League,Centre-Forward
Anthony Caceres,0.32,2015-2016,Central Coast,Manchester City,A-League,Premier League,Attacking Midfield
Florian Lejeune,0.3,2015-2016,Girona,Manchester City,Segunda Division,Premier League,Centre-Back
Kieran Trippier,4.9,2015-2016,Burnley,Tottenham Hotspur,Championship,Premier League,Right-Back
Danny Ings,8.3,2015-2016,Burnley,Liverpool FC,Championship,Premier League,Centre-Forward
Marko Grujic,7,2015-2016,Red Star,Liverpool FC,SuperLiga,Premier League,Defensive Midfield
Joe Gomez,4.9,2015-2016,Charlton,Liverpool FC,Championship,Premier League,Centre-Back
Taiwo Awoniyi,1.1,2015-2016,Imperial Acad.,Liverpool FC,Nigerian League,Premier League,Centre-Forward
Jordy Clasie,15,2015-2016,Feyenoord,Southampton FC,Eredivisie,Premier League,Defensive Midfield
Cedric Soares,7,2015-2016,Sporting CP,Southampton FC,Primeira Liga,Premier League,Right-Back
Eder,6.7,2015-2016,SC Braga,Swansea City,Primeira Liga,Premier League,Centre-Forward
Kristoffer Nordfeldt,0.85,2015-2016,Heerenveen,Swansea City,Eredivisie,Premier League,Goalkeeper
Oli McBurnie,0.35,2015-2016,Bradford,Swansea City,League One,Premier League,Centre-Forward
Botti Biabi,0.21,2015-2016,Falkirk,Swansea City,Scottish Championship,Premier League,Centre-Forward
Giannelli Imbula,24.25,2015-2016,FC Porto,Stoke City,Primeira Liga,Premier League,Defensive Midfield
Jakob Haugaard,0.6,2015-2016,FC Midtjylland,Stoke City,Superliga,Premier League,Goalkeeper
Connor Wickham,10,2015-2016,Sunderland,Crystal Palace,Premier League,Premier League,Centre-Forward
Alex McCarthy,4.9,2015-2016,QPR,Crystal Palace,Championship,Premier League,Goalkeeper
Bakary Sako,0,2015-2016,Wolves,Crystal Palace,Championship,Premier League,Left Winger
Oumar Niasse,17.9,2015-2016,Loko Moskau,Everton FC,Russian PL,Premier League,Centre-Forward
Ramiro Funes Mori,12.2,2015-2016,River Plate,Everton FC,Argentine Liga,Premier League,Centre-Back
Shani Tarashaj,4,2015-2016,Grasshoppers,Everton FC,Swiss Super League,Premier League,Second Striker
Mason Holgate,1.4,2015-2016,Barnsley,Everton FC,League One,Premier League,Centre-Back
Leandro Rodriguez,0.7,2015-2016,River Plate,Everton FC,Argentine Liga,Premier League,Centre-Forward
Michail Antonio,9.5,2015-2016,Forest,West Ham United,Championship,Premier League,Centre-Forward
Sam Byram,4.8,2015-2016,Leeds,West Ham United,Championship,Premier League,Left-Back
Nikica Jelavic,4.1,2015-2016,Hull City,West Ham United,Championship,Premier League,Centre-Forward
James Chester,11.3,2015-2016,Hull City,West Bromwich Albion,Championship,Premier League,Centre-Back
Rickie Lambert,4.2,2015-2016,Liverpool,West Bromwich Albion,Premier League,Premier League,Centre-Forward
James McClean,2.1,2015-2016,Wigan,West Bromwich Albion,League One,Premier League,Left Midfield
Daniel Amartey,6.6,2015-2016,FC Copenhagen,Leicester City,Superliga,Premier League,Centre-Back
Demarai Gray,5.1,2015-2016,Birmingham,Leicester City,Championship,Premier League,Left Winger
Aleksandar Mitrovic,18.5,2015-2016,RSC Anderlecht,Newcastle United,Belgian Pro League,Premier League,Centre-Forward
Chancel Mbemba,12,2015-2016,RSC Anderlecht,Newcastle United,Belgian Pro League,Premier League,Centre-Back
Islam Slimani,31.00m,2016/2017,Sporting CP,Leicester City,Primeira Liga,Premier League,Centre-Forward
Ahmed Musa,19.50m,2016/2017,CSKA Moscow,Leicester City,Russian Premier League,Premier League,Left Winger
Wilfred Ndidi,17.60m,2016/2017,KRC Genk,Leicester City,Belgian Pro League,Premier League,Defensive Midfield
Bartosz Kapustka,5.00m,2016/2017,Cracovia,Leicester City,Ekstraklasa,Premier League,Attacking Midfield
Ron-Robert Zieler,3.50m,2016/2017,Hannover 96,Leicester City,2. Bundesliga,Premier League,Goalkeeper
Takuma Asano,4.00m,2016/2017,Sanfrecce Hiroshima,Arsenal FC,J1 League,Premier League,Right Winger
Rob Holding,3.00m,2016/2017,Bolton,Arsenal FC,League One,Premier League,Centre-Back
Vincent Janssen,22.00m,2016/2017,AZ Alkmaar,Tottenham Hotspur,Eredivisie,Premier League,Centre-Forward
Georges-Kevin N'Koudou,11.00m,2016/2017,Marseille,Tottenham Hotspur,Ligue 1,Premier League,Left Winger
Gabriel Jesus,32.00m,2016/2017,Palmeiras,Manchester City,Serie A,Premier League,Centre-Forward
Marlos Moreno,5.50m,2016/2017,Atletico Nacional,Manchester City,Liga Dimayor,Premier League,Left Winger
Geronimo Rulli,4.70m,2016/2017,Maldonado,Manchester City,Segunda Division,Premier League,Goalkeeper
Oleksandr Zinchenko,2.25m,2016/2017,Ufa,Manchester City,Russian Premier League,Premier League,Left-Back
Yangel Herrera,1.00m,2016/2017,Atletico Venezuela,Manchester City,Venezuelan Primera Division,Premier League,Central Midfield
Pablo Mari,200k,2016/2017,Gimnastic,Manchester City,Primera Federacion,Premier League,Centre-Back
Aaron Mooy,free transfer,2016/2017,Melbourne City,Manchester City,A-League,Premier League,Central Midfield
Sofiane Boufal,18.70m,2016/2017,LOSC Lille,Southampton FC,Ligue 1,Premier League,Left Winger
Nathan Redmond,13.50m,2016/2017,Norwich,Southampton FC,Championship,Premier League,Right Winger
Robert Snodgrass,12.00m,2016/2017,Hull City,West Ham United,Championship,Premier League,Right Winger
Arthur Masuaku,7.10m,2016/2017,Olympiacos,West Ham United,Super League Greece,Premier League,Left-Back
Edimilson Fernandes,6.40m,2016/2017,FC Sion,West Ham United,Swiss Super League,Premier League,Defensive Midfield
Ramadan Sobhi,5.00m,2016/2017,Ahly SC,Stoke City,Egyptian Premier League,Premier League,Attacking Midfield
Harry Souttar,3.62m,2016/2017,Dundee United,Stoke City,Scottish Premiership,Premier League,Centre-Back
Lee Grant,1.50m,2016/2017,Derby,Stoke City,Championship,Premier League,Goalkeeper
Ryan Sweeney,295k,2016/2017,AFC Wimbledon,Stoke City,League Two,Premier League,Centre-Back
Ademola Lookman,8.80m,2016/2017,Charlton,Everton FC,League One,Premier League,Second Striker
Dominic Calvert-Lewin,1.80m,2016/2017,Sheff Utd,Everton FC,League One,Premier League,Centre-Forward
Borja Baston,18.00m,2016/2017,Atletico Madrid,Swansea City,La Liga,Premier League,Centre-Forward
Alfie Mawson,5.90m,2016/2017,Barnsley,Swansea City,Championship,Premier League,Centre-Back
Luciano Narsingh,4.60m,2016/2017,PSV Eindhoven,Swansea City,Eredivisie,Premier League,Right Winger
Mike van der Hoorn,2.50m,2016/2017,Ajax,Swansea City,Eredivisie,Premier League,Centre-Back
Isaac Success,15.00m,2016/2017,Granada CF,Watford FC,La Liga,Premier League,Centre-Forward
Sven Kums,9.00m,2016/2017,KAA Gent,Watford FC,Belgian Pro League,Premier League,Central Midfield
Christian Kabasele,6.95m,2016/2017,KRC Genk,Watford FC,Belgian Pro League,Premier League,Centre-Back
Stefano Okaka,6.00m,2016/2017,RSC Anderlecht,Watford FC,Belgian Pro League,Premier League,Centre-Forward
Brice Dja Djedje,3.60m,2016/2017,Marseille,Watford FC,Ligue 1,Premier League,Defensive Midfield
Jordon Ibe,18.00m,2016/2017,Liverpool,AFC Bournemouth,Premier League,Premier League,Right Winger
Lewis Cook,7.00m,2016/2017,Leeds,AFC Bournemouth,Championship,Premier League,Central Midfield
Lys Mousset,6.50m,2016/2017,Le Havre AC,AFC Bournemouth,Ligue 2,Premier League,Centre-Forward
Brad Smith,3.60m,2016/2017,Liverpool,AFC Bournemouth,Premier League,Premier League,Left-Back
Aaron Ramsdale,940k,2016/2017,Sheff Utd,AFC Bournemouth,League One,Premier League,Goalkeeper
Didier Ndong,20.00m,2016/2017,FC Lorient,Sunderland AFC,Ligue 1,Premier League,Defensive Midfield
Paddy McNair,5.25m,2016/2017,Man Utd,Sunderland AFC,Premier League,Premier League,Centre-Back
Mika,1.50m,2016/2017,Boavista,Sunderland AFC,Primeira Liga,Premier League,Goalkeeper
Donald Love,1.15m,2016/2017,Man Utd U23,Sunderland AFC,N/A,Premier League,Right-Back
Robbie Brady,15.10m,2016/2017,Norwich,Burnley FC,Championship,Premier League,Left Midfield
Jeff Hendrick,11.80m,2016/2017,Derby,Burnley FC,Championship,Premier League,Central Midfield
Steven Defour,8.6,2016/2017,RSC Anderlecht,Burnley FC,Belgian Pro League,Premier League,Defensive Midfield
Johann Berg Gudmundsson,3,2016/2017,Charlton,Burnley FC,League One,Premier League,Right Winger
Nick Pope,1.3,2016/2017,Charlton,Burnley FC,League One,Premier League,Goalkeeper
Harry Flowers,-,2016/2017,Brocton FC,Burnley FC,N/A,Premier League,Centre-Back
Markus Henriksen,5.3,2016/2017,AZ Alkmaar,Hull City,Eredivisie,Premier League,Centre-Forward
Evandro,2.5,2016/2017,FC Porto,Hull City,Primeira Liga,Premier League,Attacking Midfield
Davinson Sanchez,42,2017/2018,Ajax,Tottenham Hotspur,Eredivisie,Premier League,Centre-Back
Juan Foyth,10.5,2017/2018,Estudiantes LP,Tottenham Hotspur,Argentine Primera Division,Premier League,Right-Back
Douglas Luiz,12,2017/2018,Vasco da Gama,Manchester City,Campeonato Brasileiro Serie A,Premier League,Central Midfield
Jack Harrison,4,2017/2018,New York City,Manchester City,Major League Soccer,Premier League,Right Winger
Olarenwaju Kayode,3.8,2017/2018,Austria Vienna,Manchester City,Austrian Bundesliga,Premier League,Centre-Forward
Luka Ilic,2.5,2017/2018,Red Star,Manchester City,Serbian SuperLiga,Premier League,Attacking Midfield
Konstantinos Mavropanos,2.1,2017/2018,PAS Giannina,Arsenal FC,Super League Greece,Premier League,Centre-Back
Nikola Vlasic,10.8,2017/2018,Hajduk Split,Everton FC,Prva HNL,Premier League,Attacking Midfield
Henry Onyekuru,8,2017/2018,KAS Eupen,Everton FC,Belgian Pro League,Premier League,Left Winger
Cenk Tosun,22.5,2017/2018,Besiktas,Everton FC,Super Lig,Premier League,Centre-Forward
Jan Bednarek,6,2017/2018,Lech Poznan,Southampton FC,Ekstraklasa,Premier League,Centre-Back
Yuning Zhang,7.2,2017/2018,Vitesse,West Bromwich Albion,Eredivisie,Premier League,Centre-Forward
Ahmed Hegazy,5,2017/2018,Ahly SC,West Bromwich Albion,Egyptian Premier League,Premier League,Centre-Back
Sead Haksabanovic,3,2017/2018,Halmstads BK,West Ham United,Allsvenskan,Premier League,Left Winger
Adrien Silva,20.5,2017/2018,Sporting CP,Leicester City,Primeira Liga,Premier League,Central Midfield
Fousseni Diabate,2,2017/2018,G. Ajaccio,Leicester City,Ligue 2,Premier League,Right Winger
Sam Hughes,0.145,2017/2018,Chester,Leicester City,National League North,Premier League,Centre-Back
George Thomas,free transfer,2017/2018,Coventry,Leicester City,EFL Championship,Premier League,Attacking Midfield
Badou Ndiaye,16,2017/2018,Galatasaray,Stoke City,Super Lig,Premier League,Defensive Midfield
Ederson,40.00m,2017/2018,Benfica,Manchester City,Primeira Liga,Premier League,Goalkeeper
Moritz Bauer,6.2,2017/2018,Rubin Kazan,Stoke City,Russian Premier League,Premier League,Right-Back
Eric-Maxim Choupo-Moting,free transfer,2017/2018,FC Schalke 04,Stoke City,2. Bundesliga,Premier League,Centre-Forward
Jaroslaw Jach,2.75,2017/2018,Zaglebie Lubin,Crystal Palace,Ekstraklasa,Premier League,Centre-Back
Dion Henry,free transfer,2017/2018,Peterborough,Crystal Palace,League One,Premier League,Goalkeeper
Diego Cavalieri,-,2017/2018,Without Club,Crystal Palace,N/A,Premier League,Goalkeeper
Cian Harries,0.285,2017/2018,Coventry,Swansea City,EFL Championship,Premier League,Centre-Back
Erwin Mulder,free transfer,2017/2018,Heerenveen,Swansea City,Eredivisie,Premier League,Goalkeeper
Courtney Baker-Richardson,-,2017/2018,Leamington,Swansea City,National League North,Premier League,Centre-Forward
Jack Withers,-,2017/2018,Boston Utd,Swansea City,National League,Premier League,Centre-Back
Chris Wood,16.4,2017/2018,Leeds,Burnley FC,Championship,Premier League,Centre-Forward
Charlie Taylor,free transfer,2017/2018,Leeds,Burnley FC,Championship,Premier League,Left-Back
Adam Legzdins,-,2017/2018,Birmingham,Burnley FC,EFL League One,Premier League,Goalkeeper
Anders Lindegaard,-,2017/2018,Without Club,Burnley FC,N/A,Premier League,Goalkeeper
Richarlison,12.4,2017/2018,Fluminense,Watford FC,Campeonato Brasileiro Serie A,Premier League,Centre-Forward
Will Hughes,9.1,2017/2018,Derby,Watford FC,Championship,Premier League,Central Midfield
Dodi Lukebakio,5,2017/2018,R Charleroi SC,Watford FC,Belgian Pro League,Premier League,Right Winger
Pontus Dahlberg,3.9,2017/2018,IFK Goteborg,Watford FC,Allsvenskan,Premier League,Goalkeeper
Jorge Segura,free transfer,2017/2018,Envigado,Watford FC,Categoria Primera A,Premier League,Centre-Back
Daniel Bachmann,free transfer,2017/2018,Stoke City U23,Watford FC,N/A,Premier League,Goalkeeper
Luis Suarez,-,2017/2018,Leones FC,Watford FC,Categoria Primera B,Premier League,Centre-Forward
Jacob Murphy,11.3,2017/2018,Norwich,Newcastle United,Championship,Premier League,Right Winger
Jose Izquierdo,18,2017/2018,Club Brugge,Brighton & Hove Albion,Belgian Pro League,Premier League,Left Winger
Jurgen Locadia,17,2017/2018,PSV Eindhoven,Brighton & Hove Albion,Eredivisie,Premier League,Centre-Forward
Davy Propper,13,2017/2018,PSV Eindhoven,Brighton & Hove Albion,Eredivisie,Premier League,Central Midfield
Markus Suttner,4.5,2017/2018,FC Ingolstadt,Brighton & Hove Albion,3. Liga,Premier League,Left-Back
Pascal Gross,3,2017/2018,FC Ingolstadt,Brighton & Hove Albion,3. Liga,Premier League,Central Midfield
Ales Mateju,2.5,2017/2018,Viktoria Plzen,Brighton & Hove Albion,Czech First League,Premier League,Centre-Back
Mathias Normann,1.4,2017/2018,Bodo/Glimt,Brighton & Hove Albion,Eliteserien,Premier League,Defensive Midfield
Viktor Gyokeres,1,2017/2018,Brommapojkarna,Brighton & Hove Albion,Allsvenskan,Premier League,Centre-Forward
Soufyan Ahannach,0.6,2017/2018,Almere City,Brighton & Hove Albion,Eerste Divisie,Premier League,Left Winger
Alex Pritchard,12.35,2017/2018,Norwich,Huddersfield Town,Championship,Premier League,Attacking Midfield
Laurent Depoitre,3.80m,2017/2018,FC Porto,Huddersfield Town,Primeira Liga,Premier League,Centre-Forward
Tom Ince,9.1,2017/2018,Derby,Huddersfield Town,Championship,Premier League,Right Winger
Marvin Zeegelaar,3.00m,2017/2018,Sporting CP,Watford FC,Primeira Liga,Premier League,Left-Back
Scott Malone,3.9,2017/2018,Fulham,Huddersfield Town,Championship,Premier League,Left-Back
Victor Lindelof,35.00m,2017/2018,Benfica,Manchester United,Primeira Liga,Premier League,Centre-Back
Bruno Martins Indi,7.70m,2017/2018,FC Porto,Stoke City,Primeira Liga,Premier League,Centre-Back
Ezequiel Schelotto,3.00m,2017/2018,Sporting CP,Brighton & Hove Albion,Primeira Liga,Premier League,Right Midfield
Zanka,2.7,2017/2018,FC Copenhagen,Huddersfield Town,Danish Superliga,Premier League,Centre-Back
Abdelhamid Sabiri,1.5,2017/2018,1.FC Nuremberg,Huddersfield Town,2. Bundesliga,Premier League,Attacking Midfield
Adrien Silva,20.50m,2017/2018,Sporting CP,Leicester City,Primeira Liga,Premier League,Central Midfield
Elias Kachunga,1.3,2017/2018,FC Ingolstadt,Huddersfield Town,3. Liga,Premier League,Centre-Forward
Danny Williams,free transfer,2017/2018,Reading,Huddersfield Town,Championship,Premier League,Defensive Midfield
Ante Palaversa,6.3,2018/2019,Hajduk Split,Manchester City,Croatian First League,Premier League,Defensive Midfield
Philippe Sandler,2.5,2018/2019,PEC Zwolle,Manchester City,Eredivisie,Premier League,Centre-Back
Ko Itakura,1.1,2018/2019,Kawasaki Front.,Manchester City,J1 League,Premier League,Centre-Back
Daniel Arzani,0.89,2018/2019,Melbourne City,Manchester City,A-League,Premier League,Right Winger
Fred,59,2018/2019,Shakhtar D.,Manchester United,Ukrainian Premier League,Premier League,Central Midfield
Diogo Dalot,22,2018/2019,FC Porto,Manchester United,Primeira Liga,Premier League,Right-Back
Ben Gibson,16.9,2018/2019,Middlesbrough,Burnley FC,Championship,Premier League,Centre-Back
Matej Vydra,12.2,2018-2019,Derby,Burnley FC,Championship,Premier League,Centre-Forward
Peter Crouch,0,2018-2019,Stoke City,Burnley FC,Championship,Premier League,Centre-Forward
Bernard,0,2018-2019,Shakhtar D.,Everton FC,Ukrainian Premier League,Premier League,Left Winger
James Maddison,25,2018-2019,Norwich,Leicester City,Championship,Premier League,Attacking Midfield
Filip Benkovic,14.5,2018-2019,Dinamo Zagreb,Leicester City,Croatian First League,Premier League,Centre-Back
Jonny Evans,4,2018-2019,West Brom,Leicester City,Championship,Premier League,Centre-Back
Davide Lorenzo,0,2018-2019,Without Club,Leicester City,,Premier League,Striker
Miguel Almiron,24,2018-2019,Atlanta,Newcastle United,MLS,Premier League,Right Winger
Federico Fernandez,6.7,2018-2019,Swansea,Newcastle United,Championship,Premier League,Centre-Back
Martin Dubravka,4,2018-2019,Sparta Prague,Newcastle United,Czech First League,Premier League,Goalkeeper
Sung-yueng Ki,0,2018-2019,Swansea,Newcastle United,Championship,Premier League,Defensive Midfield
Bakary Sako,0,2018-2019,West Brom,Crystal Palace,Championship,Premier League,Left Winger
Chris Mepham,13.6,2018-2019,Brentford,AFC Bournemouth,Championship,Premier League,Centre-Back
David Brooks,11.3,2018-2019,Sheff Utd,AFC Bournemouth,Championship,Premier League,Right Winger
Lukasz Fabianski,8,2018-2019,Swansea,West Ham United,Championship,Premier League,Goalkeeper
Ricardo Pereira,22,2018-2019,FC Porto,Leicester City,Primeira Liga,Premier League,Right-Back
Fabian Balbuena,4,2018-2019,Corinthians,West Ham United,Brazilian Serie A,Premier League,Centre-Back
Xande Silva,1.5,2018-2019,Vit. Guimaraes,West Ham United,Primeira Liga,Premier League,Left Winger
Ken Sema,2.25,2018-2019,Ostersund,Watford FC,Allsvenskan,Premier League,Left Winger
Filip Stuparevic,2.25,2018-2019,Vozdovac,Watford FC,Serbian SuperLiga,Premier League,Centre-Forward
Ben Wilmot,1.7,2018-2019,Stevenage,Watford FC,League Two,Premier League,Centre-Back
Domingos Quina,1.1,2018-2019,West Ham U23,Watford FC,Premier League 2,Premier League,Central Midfield
Kwasi Sibo,0,2018-2019,Banants,Watford FC,Armenian Premier League,Premier League,Central Midfield
Alireza Jahanbakhsh,22.5,2018-2019,AZ Alkmaar,Brighton & Hove Albion,Eredivisie,Premier League,Right Winger
Alexis Mac Allister,8,2018-2019,Argentinos Jrs.,Brighton & Hove Albion,Argentine Primera Division,Premier League,Central Midfield
Percy Tau,3.2,2018-2019,Sundowns,Brighton & Hove Albion,South African Premier Division,Premier League,Right Winger
Jan Mlakar,3,2018-2019,NK Maribor,Brighton & Hove Albion,Slovenian PrvaLiga,Premier League,Left Winger
Tudor Baluta,2.9,2018-2019,FC Viitorul,Brighton & Hove Albion,Liga I,Premier League,Defensive Midfield
Anders Dreyer,2.2,2018-2019,Esbjerg fB,Brighton & Hove Albion,Danish Superliga,Premier League,Right Winger
Billy Arce,0.86,2018-2019,Independiente,Brighton & Hove Albion,Argentine Primera Division,Premier League,Left Winger
Leo Ostigard,0.11,2018-2019,Molde FK,Brighton & Hove Albion,Eliteserien,Premier League,Centre-Back
Jason Steele,0,2018-2019,Sunderland,Brighton & Hove Albion,League One,Premier League,Goalkeeper
Ramadan Sobhi,6.5,2018-2019,Stoke City,Huddersfield Town,Championship,Premier League,Attacking Midfield
Florent Hadergjonaj,5,2018-2019,FC Ingolstadt,Huddersfield Town,2. Bundesliga,Premier League,Right-Back
Juninho Bacuna,2.5,2018-2019,FC Groningen,Huddersfield Town,Eredivisie,Premier League,Central Midfield
Karlan Grant,1.7,2018-2019,Charlton,Huddersfield Town,League One,Premier League,Centre-Forward
Mohamed Elyounoussi,18,2018-2019,FC Basel,Southampton FC,Swiss Super League,Premier League,Right Winger
Stuart Armstrong,7.95,2018-2019,Celtic,Southampton FC,Scottish Premiership,Premier League,Central Midfield
Adama Traore,20,2018-2019,Middlesbrough,Wolverhampton Wanderers,Championship,Premier League,Right Winger
Benik Afobe,11.4,2018-2019,Bournemouth,Wolverhampton Wanderers,Premier League,Premier League,Centre-Forward
Maximilian Kilman,4.75,2018-2019,Maidenhead Utd.,Wolverhampton Wanderers,National League,Premier League,Centre-Back
Leo Bonatini,4,2018-2019,Al-Hilal,Wolverhampton Wanderers,Saudi Pro League,Premier League,Centre-Forward
Josh Murphy,11.4,2018-2019,Norwich,Cardiff City,Championship,Premier League,Left Winger
Bobby De Cordova-Reid,11.35,2018-2019,Bristol City,Cardiff City,Championship,Premier League,Right Winger
Greg Cunningham,4,2018-2019,Preston,Cardiff City,Championship,Premier League,Centre-Back
Alex Smithies,4,2018-2019,QPR,Cardiff City,Championship,Premier League,Goalkeeper
Leandro Bacuna,3.45,2018-2019,Reading,Cardiff City,Championship,Premier League,Central Midfield
Alfie Mawson,16.85,2018-2019,Swansea,Fulham FC,Championship,Premier League,Centre-Back
Rui Patricio,18,2018-2019,Sporting CP,Wolverhampton Wanderers,Primeira Liga,Premier League,Goalkeeper
Ricardo Pereira,22,2018-2019,FC Porto,Leicester City,Primeira Liga,Premier League,Right-Back
Willy Boly,12,2018-2019,FC Porto,Wolverhampton Wanderers,Primeira Liga,Premier League,Centre-Back
Joe Bryan,6.7,2018-2019,Bristol City,Fulham FC,Championship,Premier League,Left-Back
Fabri,6,2018-2019,Besiktas,Fulham FC,Super Lig,Premier League,Goalkeeper
Ryan Babel,2,2018-2019,Besiktas,Fulham FC,Super Lig,Premier League,Left Winger
Angelino,12,2019-2020,PSV Eindhoven,Manchester City,Eredivisie,Premier League,Left-Back
Zack Steffen,6.82,2019-2020,Columbus Crew,Manchester City,MLS,Premier League,Goalkeeper
Slobodan Tedic,3,2019-2020,Cukaricki,Manchester City,Serbian SuperLiga,Premier League,Centre-Forward
Ryotaro Meshino,1,2019-2020,Gamba Osaka,Manchester City,J1 League,Premier League,Left Winger
Takumi Minamino,8.5,2019-2020,RB Salzburg,Liverpool FC,Austrian Bundesliga,Premier League,Left Winger
Sepp van den Berg,1.9,2019-2020,PEC Zwolle,Liverpool FC,Eredivisie,Premier League,Centre-Back
Andy Lonergan,0,2019-2020,Middlesbrough,Liverpool FC,Championship,Premier League,Goalkeeper
Bruno Fernandes,65,2019-2020,Sporting CP,Manchester United,Primeira Liga,Premier League,Attacking Midfield
Steven Bergwijn,30,2019-2020,PSV Eindhoven,Tottenham Hotspur,Eredivisie,Premier League,Left Winger
Jack Clarke,11,2019-2020,Leeds,Tottenham Hotspur,Championship,Premier League,Left Winger
Michel Vorm,0,2019-2020,Without Club,Tottenham Hotspur,,Premier League,Goalkeeper
Kieran Tierney,27,2019-2020,Celtic,Arsenal FC,Scottish Premiership,Premier League,Left-Back
Gabriel Martinelli,7.1,2019-2020,Ituano,Arsenal FC,Brazilian Serie A,Premier League,Left Winger
Daniel James,17.8,2019-2020,Swansea,Manchester United,Championship,Premier League,Right Winger
Raul Jimenez,38,2019-2020,Benfica,Wolverhampton Wanderers,Primeira Liga,Premier League,Centre-Forward
Daniel Podence,19.6,2019-2020,Olympiacos,Wolverhampton Wanderers,Greek Super League,Premier League,Attacking Midfield
Leander Dendoncker,13.8,2019-2020,RSC Anderlecht,Wolverhampton Wanderers,Belgian Pro League,Premier League,Defensive Midfield
Renat Dadashov,0.5,2019-2020,Estoril,Wolverhampton Wanderers,Liga Portugal 2,Premier League,Centre-Forward
Leonardo Campana,0,2019-2020,Barcelona SC,Wolverhampton Wanderers,Ecuadorian Serie A,Premier League,Centre-Forward
Jarrad Branthwaite,1.1,2019-2020,Carlisle United,Everton FC,League Two,Premier League,Centre-Back
Jonas Lossl,0,2019-2020,Huddersfield,Everton FC,Championship,Premier League,Goalkeeper
James Justin,6.7,2019-2020,Luton,Leicester City,Championship,Premier League,Right-Back
Callum Hulme,0,2019-2020,Bury,Leicester City,League One,Premier League,Defensive Midfield
George Hirst,0,2019-2020,OH Leuven,Leicester City,Belgian Pro League,Premier League,Centre-Forward
Jarrod Bowen,21.3,2019-2020,Hull City,West Ham United,Championship,Premier League,Right Winger
Albian Ajeti,11.3,2019-2020,FC Basel,West Ham United,Swiss Super League,Premier League,Centre-Forward
Darren Randolph,4.7,2019-2020,Middlesbrough,West Ham United,Championship,Premier League,Goalkeeper
David Martin,0,2019-2020,Millwall,West Ham United,Championship,Premier League,Goalkeeper
Joao Pedro,11.5,2019-2020,Fluminense,Watford FC,Brazilian Serie A,Premier League,Centre-Forward
Kaylen Hinds,0,2019-2020,Without Club,Watford FC,,Premier League,Second Striker
Jordan Ayew,2.8,2019-2020,Swansea,Crystal Palace,Championship,Premier League,Right Winger
Stephen Henderson,0,2019-2020,Forest,Crystal Palace,Championship,Premier League,Goalkeeper
Philip Billing,16.5,2019-2020,Huddersfield,AFC Bournemouth,Championship,Premier League,Central Midfield
Arnaut Danjuma,16.46,2019-2020,Club Brugge,AFC Bournemouth,Belgian Pro League,Premier League,Left Winger
Lloyd Kelly,14.8,2019-2020,Bristol City,AFC Bournemouth,Championship,Premier League,Centre-Back
Jack Stacey,4.45,2019-2020,Luton,AFC Bournemouth,Championship,Premier League,Right-Back
Josh Brownhill,10,2019-2020,Bristol City,Burnley FC,Championship,Premier League,Central Midfield
Jay Rodriguez,10,2019-2020,West Brom,Burnley FC,Championship,Premier League,Centre-Forward
Bailey Peacock-Farrell,2.75,2019-2020,Leeds,Burnley FC,Championship,Premier League,Goalkeeper
Erik Pieters,1.1,2019-2020,Stoke City,Burnley FC,Championship,Premier League,Left-Back
Che Adams,16.7,2019-2020,Birmingham,Southampton FC,Championship,Premier League,Centre-Forward
Moussa Djenepo,15.7,2019-2020,Standard Liege,Southampton FC,Belgian Pro League,Premier League,Left Winger
Adam Webster,22.22,2019-2020,Bristol City,Brighton & Hove Albion,Championship,Premier League,Centre-Back
Neal Maupay,15.56,2019-2020,Brentford,Brighton & Hove Albion,Championship,Premier League,Centre-Forward
Leandro Trossard,15.56,2019-2020,KRC Genk,Brighton & Hove Albion,Belgian Pro League,Premier League,Left Winger
Matt Clarke,3.9,2019-2020,Portsmouth,Brighton & Hove Albion,League One,Premier League,Centre-Back
Aaron Mooy,3.3,2019-2020,Huddersfield,Brighton & Hove Albion,Championship,Premier League,Central Midfield
Tariq Lamptey,1.2,2019-2020,Chelsea U23,Brighton & Hove Albion,Premier League 2,Premier League,Right-Back
Sam McCallum,4.15,2019-2020,Coventry,Norwich City,League One,Premier League,Left-Back
Daniel Adshead,0.34,2019-2020,Rochdale,Norwich City,League One,Premier League,Central Midfield
Rocky Bushiri,0,2019-2020,KV Oostende,Norwich City,Belgian Pro League,Premier League,Centre-Back
Sander Berge,25,2019-2020,KRC Genk,Sheffield United,Belgian Pro League,Premier League,Defensive Midfield
Oli McBurnie,19.1,2019-2020,Swansea,Sheffield United,Championship,Premier League,Centre-Forward
Callum Robinson,7.8,2019-2020,Preston,Sheffield United,Championship,Premier League,Centre-Forward
Luke Freeman,5.6,2019-2020,QPR,Sheffield United,Championship,Premier League,Attacking Midfield
Ben Osborn,3.9,2019-2020,Forest,Sheffield United,Championship,Premier League,Central Midfield
Michael Verrips,0,2019-2020,KV Mechelen,Sheffield United,Belgian Pro League,Premier League,Goalkeeper
Ravel Morrison,0,2019-2020,Ostersund,Sheffield United,Allsvenskan,Premier League,Attacking Midfield
Jack Robinson,0,2019-2020,Forest,Sheffield United,Championship,Premier League,Centre-Back
Jack Rodwell,0,2019-2020,Without Club,Sheffield United,,Premier League,Centre-Back
Wesley Moraes,25,2019-2020,Club Brugge,Aston Villa,Belgian Pro League,Premier League,Centre-Forward
Ezri Konsa,13.3,2019-2020,Brentford,Aston Villa,Championship,Premier League,Centre-Back
Marvelous Nakamba,12,2019-2020,Club Brugge,Aston Villa,Belgian Pro League,Premier League,Defensive Midfield
Ally Samatta,10.5,2019-2020,KRC Genk,Aston Villa,Belgian Pro League,Premier League,Centre-Forward
Mahmoud Trezeguet,10,2019-2020,Kasimpasa,Aston Villa,Turkish Super Lig,Premier League,Left Winger
Jota Peleteiro,4.5,2019-2020,Birmingham,Aston Villa,Championship,Premier League,Right Winger
Borja Baston,0,2019-2020,Swansea,Aston Villa,Championship,Premier League,Centre-Forward
Pablo Mari,6,2020-2021,Flamengo,Arsenal FC,Brazilian Serie A,Premier League,Centre-Back
Ollie Watkins,34,2020-2021,Brentford,Aston Villa,Championship,Premier League,Centre-Forward
Matty Cash,15.75,2020-2021,Forest,Aston Villa,Championship,Premier League,Right-Back
Moises Caicedo,28.2,2020-2021,Independiente,Brighton & Hove Albion,Argentine Primera Division,Premier League,Defensive Midfield
Jakub Moder,11,2020-2021,Lech Poznan,Brighton & Hove Albion,Ekstraklasa,Premier League,Central Midfield
Andi Zeqiri,4,2020-2021,Lausanne-Sport,Brighton & Hove Albion,Swiss Super League,Premier League,Centre-Forward
Michal Karbownik,3.9,2020-2021,Legia Warszawa,Brighton & Hove Albion,Ekstraklasa,Premier League,Central Midfield
Jan Paul van Hecke,2,2020-2021,NAC Breda,Brighton & Hove Albion,Eredivisie,Premier League,Centre-Back
Joel Veltman,1,2020-2021,Ajax,Brighton & Hove Albion,Eredivisie,Premier League,Right-Back
Eberechi Eze,17.8,2020-2021,QPR,Crystal Palace,Championship,Premier League,Attacking Midfield
Jack Butland,1.1,2020-2021,Stoke City,Crystal Palace,Championship,Premier League,Goalkeeper
Nathan Ferguson,0,2020-2021,West Brom,Crystal Palace,Championship,Premier League,Centre-Back
Ben Godfrey,27.5,2020-2021,Norwich,Everton FC,Championship,Premier League,Centre-Back
Niels Nkounkou,0.27,2020-2021,Marseille B,Everton FC,Ligue 2,Premier League,Left-Back
Joshua King,0,2020-2021,Bournemouth,Everton FC,Championship,Premier League,Centre-Forward
Terence Kongolo,4.4,2020-2021,Huddersfield,Fulham FC,Championship,Premier League,Centre-Back
Antonee Robinson,2.1,2020-2021,Wigan,Fulham FC,Championship,Premier League,Left-Back
Tosin Adarabioyo,1.65,2020-2021,Man City U23,Fulham FC,Premier League 2,Premier League,Centre-Back
Joe Gelhardt,1,2020-2021,Wigan,Leeds United,Championship,Premier League,Centre-Forward
Konstantinos Tsimikas,13,2020-2021,Olympiacos,Liverpool FC,Greek Super League,Premier League,Left-Back
Ben Davies,1.85,2020-2021,Preston,Liverpool FC,Championship,Premier League,Centre-Back
Marcelo Pitaluga,0.75,2020-2021,Fluminense U23,Liverpool FC,Brazilian U20 League,Premier League,Goalkeeper
Ruben Dias,71.6,2020-2021,Benfica,Manchester City,Primeira Liga,Premier League,Centre-Back
Nahuel Bustos,6.5,2020-2021,CA Talleres,Manchester City,Argentine Primera Division,Premier League,Centre-Forward
Yan Couto,6,2020-2021,Coritiba FC,Manchester City,Brazilian Serie A,Premier League,Right-Back
Diego Rosa,6,2020-2021,Gremio U23,Manchester City,Brazilian U20 League,Premier League,Defensive Midfield
Issa Kabore,4.5,2020-2021,KV Mechelen,Manchester City,Belgian Pro League,Premier League,Right-Back
Donny van de Beek,39,2020-2021,Ajax,Manchester United,Eredivisie,Premier League,Central Midfield
Alex Telles,15,2020-2021,FC Porto,Manchester United,Primeira Liga,Premier League,Left-Back
Facundo Pellistri,8.65,2020-2021,Penarol,Manchester United,Uruguayan Primera Division,Premier League,Left Winger
Jamal Lewis,16.5,2020-2021,Norwich,Newcastle United,Championship,Premier League,Left-Back
Mark Gillespie,0,2020-2021,Motherwell FC,Newcastle United,Scottish Premiership,Premier League,Goalkeeper
Rhian Brewster,26,2020-2021,Liverpool U23,Sheffield United,Premier League 2,Premier League,Centre-Forward
Oliver Burke,6.5,2020-2021,West Brom,Sheffield United,Championship,Premier League,Centre-Forward
Max Lowe,3.85,2020-2021,Derby,Sheffield United,Championship,Premier League,Left-Back
Jayden Bogle,3.85,2020-2021,Derby,Sheffield United,Championship,Premier League,Right-Back
Ismaila Coulibaly,2,2020-2021,Sarpsborg 08,Sheffield United,Eliteserien,Premier League,Central Midfield
Wes Foderingham,0,2020-2021,Rangers,Sheffield United,Scottish Premiership,Premier League,Goalkeeper
Ibrahima Diallo,12,2020-2021,Stade Brestois,Southampton FC,Ligue 1,Premier League,Defensive Midfield
Joe Rodon,12.1,2020-2021,Swansea,Tottenham Hotspur,Championship,Premier League,Centre-Back
Karlan Grant,16.5,2020-2021,Huddersfield,West Bromwich Albion,Championship,Premier League,Centre-Forward
Matheus Pereira,8.25,2020-2021,Sporting CP,West Bromwich Albion,Primeira Liga,Premier League,Attacking Midfield
Cedric Kipre,1.1,2020-2021,Wigan,West Bromwich Albion,Championship,Premier League,Centre-Back
Branislav Ivanovic,0,2020-2021,Zenit S-Pb,West Bromwich Albion,Russian Premier League,Premier League,Right-Back
Andy Lonergan,0,2020-2021,Stoke City,West Bromwich Albion,Championship,Premier League,Goalkeeper
Said Benrahma,23.1,2020-2021,Brentford,West Ham United,Championship,Premier League,Left Winger
Tomas Soucek,16.2,2020-2021,Slavia Prague,West Ham United,Czech First League,Premier League,Defensive Midfield
Vladimir Coufal,6,2020-2021,Slavia Prague,West Ham United,Czech First League,Premier League,Right-Back
Frederik Alves,1.6,2020-2021,Silkeborg IF,West Ham United,Danish Superliga,Premier League,Centre-Back
Fabio Silva,40,2020-2021,FC Porto,Wolverhampton Wanderers,Primeira Liga,Premier League,Centre-Forward
Ki-Jana Hoever,9.8,2020-2021,Liverpool U23,Wolverhampton Wanderers,Premier League 2,Premier League,Right-Back
Toti,0.79,2020-2021,Estoril,Wolverhampton Wanderers,Liga Portugal 2,Premier League,Centre-Back
Matija Sarkic,0,2020-2021,Aston Villa U23,Wolverhampton Wanderers,Premier League 2,Premier League,Goalkeeper
Albert Sambi Lokonga,17.5,2021-2022,RSC Anderlecht,Arsenal FC,Belgian Pro League,Premier League,Central Midfield
Nuno Tavares,8,2021-2022,Benfica,Arsenal FC,Primeira Liga,Premier League,Left-Back
Auston Trusty,1.8,2021-2022,Colorado,Arsenal FC,MLS,Premier League,Centre-Back
Kristoffer Ajer,15.7,2021-2022,Celtic,Brentford FC,Scottish Premiership,Premier League,Centre-Back
Frank Onyeka,10,2021-2022,FC Midtjylland,Brentford FC,Danish Superliga,Premier League,Central Midfield
Myles Peart-Harris,1.5,2021-2022,Chelsea U23,Brentford FC,Premier League 2,Premier League,Left Winger
Connor Roberts,2.9,2021-2022,Swansea,Burnley FC,Championship,Premier League,Right-Back
Aaron Lennon,0,2021-2022,Kayserispor,Burnley FC,Turkish Super Lig,Premier League,Right Winger
Odsonne Edouard,16.3,2021-2022,Celtic,Crystal Palace,Scottish Premiership,Premier League,Centre-Forward
Michael Olise,9.3,2021-2022,Reading,Crystal Palace,Championship,Premier League,Right Winger
Luke Plange,1.18,2021-2022,Derby,Crystal Palace,Championship,Premier League,Centre-Forward
Remi Matthews,0,2021-2022,Sunderland,Crystal Palace,League One,Premier League,Goalkeeper
Jacob Montes,0,2021-2022,Georgetown,Crystal Palace,NCAA,Premier League,Attacking Midfield
Vitaliy Mykolenko,23.5,2021-2022,Dynamo Kyiv,Everton FC,Ukrainian Premier League,Premier League,Left-Back
Nathan Patterson,14,2021-2022,Rangers,Everton FC,Scottish Premiership,Premier League,Right-Back
Salomon Rondon,0,2021-2022,DL Pro,Everton FC,Chinese Super League,Premier League,Centre-Forward
Kristoffer Klaesson,2.4,2021-2022,Valerenga,Leeds United,Eliteserien,Premier League,Goalkeeper
Leo Fuhr Hjelde,0,2021-2022,Celtic B,Leeds United,Scottish Championship,Premier League,Left-Back
Patson Daka,30,2021-2022,RB Salzburg,Leicester City,Austrian Bundesliga,Premier League,Centre-Forward
Luis Diaz,54,2021-2022,FC Porto,Liverpool FC,Primeira Liga,Premier League,Left Winger
Julian Alvarez,21.4,2021-2022,River Plate,Manchester City,Argentine Primera Division,Premier League,Centre-Forward
Scott Carson,0,2021-2022,Derby,Manchester City,Championship,Premier League,Goalkeeper
Christos Tzolis,11,2021-2022,PAOK Salonika,Norwich City,Greek Super League,Premier League,Left Winger
Dimitrios Giannoulis,7.5,2021-2022,PAOK Salonika,Norwich City,Greek Super League,Premier League,Left-Back
Tino Livramento,26.2,2021-2022,Chelsea U23,Southampton FC,Premier League 2,Premier League,Right-Back
Adam Armstrong,17.7,2021-2022,Blackburn,Southampton FC,Championship,Premier League,Centre-Forward
Willy Caballero,0,2021-2022,Without Club,Southampton FC,,Premier League,Goalkeeper
Pape Matar Sarr,16.9,2021-2022,FC Metz,Tottenham Hotspur,Ligue 1,Premier League,Central Midfield
Edo Kayembe,4.7,2021-2022,KAS Eupen,Watford FC,Belgian Pro League,Premier League,Central Midfield
Emmanuel Dennis,4,2021-2022,Club Brugge,Watford FC,Belgian Pro League,Premier League,Centre-Forward
Yaser Asprilla,3,2021-2022,Envigado,Watford FC,Colombian Primera A,Premier League,Right Winger
Mattie Pollock,0.3,2021-2022,Grimsby Town,Watford FC,League Two,Premier League,Centre-Back
Ashley Fletcher,0,2021-2022,Middlesbrough,Watford FC,Championship,Premier League,Centre-Forward
Kwadwo Baah,0,2021-2022,Rochdale,Watford FC,League One,Premier League,Left Winger
Nicolas NKoulou,0,2021-2022,Without Club,Watford FC,,Premier League,Centre-Back
Nikola Vlasic,30,2021-2022,CSKA Moscow,West Ham United,Russian Premier League,Premier League,Attacking Midfield
Jose Sa,8,2021-2022,Olympiacos,Wolverhampton Wanderers,Greek Super League,Premier League,Goalkeeper
Yerson Mosquera,5.2,2021-2022,Atl. Nacional,Wolverhampton Wanderers,Colombian Primera A,Premier League,Centre-Back
Chiquinho,3.5,2021-2022,Estoril,Wolverhampton Wanderers,Liga Portugal 2,Premier League,Left Winger
Bendeguz Bolla,2,2021-2022,Fehervar,Wolverhampton Wanderers,NB I,Premier League,Right-Back
Sang-bin Jeong,1.2,2021-2022,Suwon Bluewings,Wolverhampton Wanderers,K League 1,Premier League,Centre-Forward
Hayao Kawabe,0.6,2021-2022,Grasshoppers,Wolverhampton Wanderers,Swiss Super League,Premier League,Central Midfield
Fabio Vieira,35,2022/23,FC Porto,Arsenal,Primeira Liga,Premier League,Attacking Midfield
Matt Turner,5.9,2022/23,New England,Arsenal,MLS,Premier League,Goalkeeper
Marquinhos,3.5,2022/23,Sao Paulo,Arsenal,Brasileirao,Premier League,Right Winger
Jhon Duran,29.5,2022/23,Chicago,Aston Villa,MLS,Premier League,Centre-Forward
Ilya Zabarnyi,22.7,2022/23,Dynamo Kyiv,AFC Bournemouth,Ukrainian PL,Premier League,Centre-Back
Marcos Senesi,15,2022/23,Feyenoord,AFC Bournemouth,Eredivisie,Premier League,Centre-Back
Marcus Tavernier,11.9,2022/23,Middlesbrough,AFC Bournemouth,Championship,Premier League,Left Winger
Antoine Semenyo,10.25,2022/23,Bristol City,AFC Bournemouth,Championship,Premier League,Left Winger
Joe Rothwell,0,2022/23,Blackburn,AFC Bournemouth,Championship,Premier League,Central Midfield
Keane Lewis-Potter,19,2022/23,Hull City,Brentford,Championship,Premier League,Left-Back
Julio Enciso,11.6,2022/23,Libertad,Brighton,Paraguay Div.,Premier League,Attacking Midfield
Simon Adingra,8,2022/23,Nordsjaelland,Brighton,Superliga,Premier League,Left Winger
Facundo Buonanotte,6,2022/23,Rosario Central,Brighton,Primera Div.,Premier League,Attacking Midfield
Yasin Ayari,4,2022/23,AIK,Brighton,Allsvenskan,Premier League,Central Midfield
Enzo Fernandez,121,2022/23,Benfica,Chelsea,Primeira Liga,Premier League,Central Midfield
Mykhaylo Mudryk,70,2022/23,Shakhtar D.,Chelsea,Ukrainian PL,Premier League,Left Winger
Noni Madueke,35,2022/23,PSV Eindhoven,Chelsea,Eredivisie,Premier League,Right Winger
Andrey Santos,12.5,2022/23,Vasco da Gama,Chelsea,Brasileirao,Premier League,Central Midfield
David Datro Fofana,12,2022/23,Molde FK,Chelsea,Eliteserien,Premier League,Centre-Forward
Gabriel Slonina,9.09,2022/23,Chicago,Chelsea,MLS,Premier League,Goalkeeper
Sam Johnstone,0,2022/23,West Brom,Crystal Palace,Championship,Premier League,Goalkeeper
Malcolm Ebiowei,0,2022/23,Derby,Crystal Palace,League One,Premier League,Right Winger
Joao Palhinha,24.9,2022/23,Sporting CP,Fulham,Primeira Liga,Premier League,Defensive Midfield
Carlos Vinicius,5,2022/23,Benfica,Fulham,Primeira Liga,Premier League,Centre-Forward
Willian,0,2022/23,Corinthians,Fulham,Brasileirao,Premier League,Left Winger
Georginio Rutter,40.5,2022/23,TSG Hoffenheim,Leeds,Bundesliga,Premier League,Centre-Forward
Brenden Aaronson,32.84,2022/23,RB Salzburg,Leeds,Austrian BL,Premier League,Attacking Midfield
Luis Sinisterra,25,2022/23,Feyenoord,Leeds,Eredivisie,Premier League,Left Winger
Tyler Adams,17,2022/23,RB Leipzig,Leeds,Bundesliga,Premier League,Defensive Midfield
Rasmus Kristensen,13,2022/23,RB Salzburg,Leeds,Austrian BL,Premier League,Right-Back
Marc Roca,12,2022/23,Bayern Munich,Leeds,Bundesliga,Premier League,Defensive Midfield
Maximilian Wober,12,2022/23,RB Salzburg,Leeds,Austrian BL,Premier League,Centre-Back
Darko Gyabi,5.8,2022/23,Man City U21,Leeds,PL2,Premier League,Central Midfield
Wilfried Gnonto,4.5,2022/23,FC Zurich,Leeds,Super League,Premier League,Right Winger
Harry Souttar,17,2022/23,Stoke City,Leicester,Championship,Premier League,Centre-Back
Victor Kristiansen,14,2022/23,FC Copenhagen,Leicester,Superliga,Premier League,Left-Back
Alex Smithies,0,2022/23,Cardiff,Leicester,Championship,Premier League,Goalkeeper
Darwin Nunez,85,2022/23,Benfica,Liverpool,Primeira Liga,Premier League,Centre-Forward
Cody Gakpo,42,2022/23,PSV Eindhoven,Liverpool,Eredivisie,Premier League,Left Winger
Calvin Ramsay,4.9,2022/23,Aberdeen FC,Liverpool,Scottish PL,Premier League,Right-Back
Sergio Gomez,15,2022/23,RSC Anderlecht,Man City,Belgian Pro Lg,Premier League,Left Winger
Maximo Perrone,11,2022/23,Velez Sarsfield,Man City,Primera Div.,Premier League,Defensive Midfield
Stefan Ortega,0,2022/23,Arm. Bielefeld,Man City,Bundesliga 2,Premier League,Goalkeeper
Antony,95,2022/23,Ajax,Man Utd,Eredivisie,Premier League,Right Winger
Lisandro Martinez,57.37,2022/23,Ajax,Man Utd,Eredivisie,Premier League,Centre-Back
Tyrell Malacia,15,2022/23,Feyenoord,Man Utd,Eredivisie,Premier League,Left-Back
Harrison Ashby,3.4,2022/23,West Ham U21,Newcastle,PL2,Premier League,Right-Back
Loris Karius,0,2022/23,Without Club,Newcastle,-,Premier League,Goalkeeper
Taiwo Awoniyi,20.5,2022/23,Union Berlin,Nottingham Forest,Bundesliga,Premier League,Centre-Forward
Danilo,20,2022/23,Palmeiras,Nottingham Forest,Brasileirao,Premier League,Defensive Midfield
Lewis O'Brien,9.4,2022/23,Huddersfield,Nottingham Forest,Championship,Premier League,Central Midfield
Harry Toffolo,2.4,2022/23,Huddersfield,Nottingham Forest,Championship,Premier League,Left-Back
Josh Bowler,2.3,2022/23,Blackpool,Nottingham Forest,Championship,Premier League,Right Winger
Brandon Aguilera,0.95,2022/23,LD Alajuelense,Nottingham Forest,Costa Rican PL,Premier League,Attacking Midfield
Gustavo Scarpa,0,2022/23,Palmeiras,Nottingham Forest,Brasileirao,Premier League,Attacking Midfield
Adnan Kanuric,0,2022/23,FK Sarajevo,Nottingham Forest,Premier Lg BiH,Premier League,Goalkeeper
Andre Ayew,0,2022/23,Al-Sadd,Nottingham Forest,Qatar Stars Lg,Premier League,Centre-Forward
Serge Aurier,0,2022/23,Without Club,Nottingham Forest,-,Premier League,Right-Back
Romeo Lavia,22.26,2022/23,Man City U21,Southampton,PL2,Premier League,Defensive Midfield
Paul Onuachu,18,2022/23,KRC Genk,Southampton,Belgian Pro Lg,Premier League,Centre-Forward
Gavin Bazunu,14,2022/23,Man City U21,Southampton,PL2,Premier League,Goalkeeper
Carlos Alcaraz,13.65,2022/23,Racing Club,Southampton,Primera Div.,Premier League,Central Midfield
Armel Bella-Kotchap,12,2022/23,VfL Bochum,Southampton,Bundesliga 2,Premier League,Centre-Back
Sekou Mara,11.5,2022/23,G. Bordeaux,Southampton,Ligue 1,Premier League,Centre-Forward
Samuel Edozie,8,2022/23,Man City U21,Southampton,PL2,Premier League,Left Winger
Duje Caleta-Car,8,2022/23,Marseille,Southampton,Ligue 1,Premier League,Centre-Back
Joe Aribo,7.1,2022/23,Rangers,Southampton,Scottish PL,Premier League,Central Midfield
Juan Larios,7,2022/23,Man City U21,Southampton,PL2,Premier League,Left-Back
Mislav Orsic,5.75,2022/23,Dinamo Zagreb,Southampton,Croatian 1.HNL,Premier League,Left Winger
James Bree,0.85,2022/23,Luton,Southampton,Championship,Premier League,Right-Back
Mateusz Lis,0,2022/23,Altay SK,Southampton,Super Lig,Premier League,Goalkeeper
Djed Spence,14.7,2022/23,Middlesbrough,Tottenham,Championship,Premier League,Left-Back
Flynn Downes,10.65,2022/23,Swansea,West Ham,Championship,Premier League,Defensive Midfield
Matheus Nunes,47.4,2022/23,Sporting CP,Wolves,Primeira Liga,Premier League,Central Midfield
Joao Gomes,18.7,2022/23,Flamengo,Wolves,Brasileirao,Premier League,Central Midfield
Daniel Bentley,0.057,2022/23,Bristol City,Wolves,Championship,Premier League,Goalkeeper
Diego Costa,0,2022/23,Without Club,Wolves,-,Premier League,Centre-Forward
