Player Name,Transfer Fee,Season,From (Club),To (Club),From (League),To (League),Position,Fotmob Link,,
Krystian Bielik,2.25,2014-2015,Legia Warszawa,Arsenal FC,Ekstraklasa,Premier League,Centre-Back,,,
Dame NDoye,3.96,2014-2015,Loko Moskau,Hull City,Russian Premier League,Premier League,Centre-Forward,https://www.fotmob.com/players/101969/dame-ndoye,,
Andrew Robertson,3.6,2014-2015,Dundee United,Hull City,Scottish Premiership,Premier League,Left-Back,,,
Harry Maguire,3.15,2014-2015,Sheff Utd,Hull City,Championship,Premier League,Centre-Back,,,
Brian Lenihan,0.26,2014-2015,Cork City,Hull City,League of Ireland,Premier League,Right-Back,,,
Greg Luer,0,2014-2015,Burgess Hill,Hull City,Isthmian League,Premier League,Centre-Forward,,,
Johan Ter Horst,0,2014-2015,F. Invicta,Hull City,,Premier League,Centre-Forward,,,
Andrej Kramaric,9,2014-2015,HNK Rijeka,Leicester City,Croatian First League,Premier League,Attacking Midfield,,,
Tom Lawrence,1.26,2014-2015,Man Utd U21,Leicester City,Premier League 2,Premier League,Attacking Midfield,,,
Marcos Rojo,20,2014-2015,Sporting CP,Manchester United,Primeira Liga,Premier League,Centre-Back,,,
Lazar Markovic,25,2014-2015,Benfica,Liverpool FC,Primeira Liga,Premier League,Right Winger,,,
Divock Origi,12.63,2014-2015,LOSC Lille,Liverpool FC,Ligue 1,Premier League,Centre-Forward,,,
Kevin Stewart,0,2014-2015,Tottenham U21,Liverpool FC,Premier League 2,Premier League,Defensive Midfield,,,
Thomas Agyepong,0,2014-2015,Right to Dream,Manchester City,,Premier League,Left Winger,,,
Vanja Milinkovic-Savic,1.75,2014-2015,Vojvodina,Manchester United,Serbian SuperLiga,Premier League,Goalkeeper,,,
Ayoze Perez,2,2014-2015,CD Tenerife,Newcastle United,Segunda Division,Premier League,Centre-Forward,,,
Ryan Manning,0.07,2014-2015,Galway United,Queens Park Rangers,League of Ireland,Premier League,Left-Back,,,
Jake Mulraney,0,2014-2015,Without Club,Queens Park Rangers,,Premier League,Right Winger,,,
Sadio Mane,23,2014-2015,RB Salzburg,Southampton FC,Austrian Bundesliga,Premier League,Left Winger,,,
Dusan Tadic,14,2014-2015,Twente FC,Southampton FC,Eredivisie,Premier League,Right Winger,,,
Florin Gardos,6.8,2014-2015,Steaua Bucharest,Southampton FC,Liga I,Premier League,Centre-Back,,,
Dionatan Teixeira,0,2014-2015,Banska Bystrica,Stoke City,Fortuna Liga,Premier League,Centre-Back,,,
Jermain Defoe,3.5,2014-2015,Toronto,Sunderland AFC,MLS,Premier League,Centre-Forward,,,
Modou Barrow,1.89,2014-2015,Ostersund,Swansea City,Allsvenskan,Premier League,Left Winger,,,
Stephen Kingsley,0,2014-2015,Falkirk,Swansea City,Scottish Championship,Premier League,Left-Back,,,
Dele Alli,6.63,2014-2015,MK Dons,Tottenham Hotspur,League One,Premier League,Attacking Midfield,,,
DeAndre Yedlin,2.6,2014-2015,Seattle,Tottenham Hotspur,MLS,Premier League,Right-Back,,,
Cristian Gamboa,2.4,2014-2015,Rosenborg,West Bromwich Albion,Eliteserien,Premier League,Right-Back,,,
Eliaquim Mangala,45,2014-2015,FC Porto,Manchester City,Primeira Liga,Premier League,Centre-Back,,,
Sebastian Blanco,2,2014-2015,Metalist Kharkiv,West Bromwich Albion,Ukrainian Premier League,Premier League,Attacking Midfield,,,
Jason Davidson,0,2014-2015,Heracles Almelo,West Bromwich Albion,Eredivisie,Premier League,Centre-Back,,,
Fernando,15,2014-2015,FC Porto,Manchester City,Primeira Liga,Premier League,Defensive Midfield,,,
Enner Valencia,15,2014-2015,Pachuca,West Ham United,Liga MX,Premier League,Centre-Forward,,,
Doneil Henry,1.9,2014-2015,Apol. Limassol,West Ham United,Cypriot First Division,Premier League,Centre-Back,,,
Eric Dier,5,2014-2015,Sporting CP,Tottenham Hotspur,Primeira Liga,Premier League,Centre-Back,,,
Kenedy,8,2015-2016,Fluminense,Chelsea FC,Brasileirao,Premier League,Left Winger,,,
Nathan,4,2015-2016,Atletico-PR,Chelsea FC,Brasileirao,Premier League,Attacking Midfield,,,
Patrick Roberts,7.2,2015-2016,Fulham,Manchester City,Championship,Premier League,Right Winger,,,
Enes Unal,4.4,2015-2016,Bursaspor,Manchester City,Super Lig,Premier League,Centre-Forward,,,
Ruben Sobrino,0.55,2015-2016,Ponferradina,Manchester City,Segunda Division,Premier League,Centre-Forward,,,
Anthony Caceres,0.32,2015-2016,Central Coast,Manchester City,A-League,Premier League,Attacking Midfield,,,
Florian Lejeune,0.3,2015-2016,Girona,Manchester City,Segunda Division,Premier League,Centre-Back,,,
Kieran Trippier,4.9,2015-2016,Burnley,Tottenham Hotspur,Championship,Premier League,Right-Back,,,
Danny Ings,8.3,2015-2016,Burnley,Liverpool FC,Championship,Premier League,Centre-Forward,,,
Marko Grujic,7,2015-2016,Red Star,Liverpool FC,SuperLiga,Premier League,Defensive Midfield,,,
Joe Gomez,4.9,2015-2016,Charlton,Liverpool FC,Championship,Premier League,Centre-Back,,,
Taiwo Awoniyi,1.1,2015-2016,Imperial Acad.,Liverpool FC,Nigerian League,Premier League,Centre-Forward,,,
Jordy Clasie,15,2015-2016,Feyenoord,Southampton FC,Eredivisie,Premier League,Defensive Midfield,,,
Cedric Soares,7,2015-2016,Sporting CP,Southampton FC,Primeira Liga,Premier League,Right-Back,,,
Eder,6.7,2015-2016,SC Braga,Swansea City,Primeira Liga,Premier League,Centre-Forward,,,
Kristoffer Nordfeldt,0.85,2015-2016,Heerenveen,Swansea City,Eredivisie,Premier League,Goalkeeper,,,
Oli McBurnie,0.35,2015-2016,Bradford,Swansea City,League One,Premier League,Centre-Forward,,,
Botti Biabi,0.21,2015-2016,Falkirk,Swansea City,Scottish Championship,Premier League,Centre-Forward,,,
Giannelli Imbula,24.25,2015-2016,FC Porto,Stoke City,Primeira Liga,Premier League,Defensive Midfield,,,
Jakob Haugaard,0.6,2015-2016,FC Midtjylland,Stoke City,Superliga,Premier League,Goalkeeper,,,
Connor Wickham,10,2015-2016,Sunderland,Crystal Palace,Premier League,Premier League,Centre-Forward,,,
Alex McCarthy,4.9,2015-2016,QPR,Crystal Palace,Championship,Premier League,Goalkeeper,,,
Bakary Sako,0,2015-2016,Wolves,Crystal Palace,Championship,Premier League,Left Winger,,,
Oumar Niasse,17.9,2015-2016,Loko Moskau,Everton FC,Russian PL,Premier League,Centre-Forward,,,
Ramiro Funes Mori,12.2,2015-2016,River Plate,Everton FC,Argentine Liga,Premier League,Centre-Back,,,
Shani Tarashaj,4,2015-2016,Grasshoppers,Everton FC,Swiss Super League,Premier League,Second Striker,,,
Mason Holgate,1.4,2015-2016,Barnsley,Everton FC,League One,Premier League,Centre-Back,,,
Leandro Rodriguez,0.7,2015-2016,River Plate,Everton FC,Argentine Liga,Premier League,Centre-Forward,,,
Michail Antonio,9.5,2015-2016,Forest,West Ham United,Championship,Premier League,Centre-Forward,,,
Sam Byram,4.8,2015-2016,Leeds,West Ham United,Championship,Premier League,Left-Back,,,
Nikica Jelavic,4.1,2015-2016,Hull City,West Ham United,Championship,Premier League,Centre-Forward,,,
James Chester,11.3,2015-2016,Hull City,West Bromwich Albion,Championship,Premier League,Centre-Back,,,
Rickie Lambert,4.2,2015-2016,Liverpool,West Bromwich Albion,Premier League,Premier League,Centre-Forward,,,
James McClean,2.1,2015-2016,Wigan,West Bromwich Albion,League One,Premier League,Left Midfield,,,
Daniel Amartey,6.6,2015-2016,FC Copenhagen,Leicester City,Superliga,Premier League,Centre-Back,,,
Demarai Gray,5.1,2015-2016,Birmingham,Leicester City,Championship,Premier League,Left Winger,,,
Aleksandar Mitrovic,18.5,2015-2016,RSC Anderlecht,Newcastle United,Belgian Pro League,Premier League,Centre-Forward,,,
Chancel Mbemba,12,2015-2016,RSC Anderlecht,Newcastle United,Belgian Pro League,Premier League,Centre-Back,,,
Islam Slimani,31.00m,2016/2017,Sporting CP,Leicester City,Primeira Liga,Premier League,Centre-Forward,,https://www.fotmob.com/players/291219/islam-slimani,
Ahmed Musa,19.50m,2016/2017,CSKA Moscow,Leicester City,Russian Premier League,Premier League,Left Winger,,https://www.fotmob.com/players/232103/ahmed-musa,
Wilfred Ndidi,17.60m,2016/2017,KRC Genk,Leicester City,Belgian Pro League,Premier League,Defensive Midfield,,https://www.fotmob.com/players/533228/wilfred-ndidi,
Bartosz Kapustka,5.00m,2016/2017,Cracovia,Leicester City,Ekstraklasa,Premier League,Attacking Midfield,,https://www.fotmob.com/players/433675/bartosz-kapustka,
Ron-Robert Zieler,3.50m,2016/2017,Hannover 96,Leicester City,2. Bundesliga,Premier League,Goalkeeper,,https://www.fotmob.com/players/41087/ron-robert-zieler,
Takuma Asano,4.00m,2016/2017,Sanfrecce Hiroshima,Arsenal FC,J1 League,Premier League,Right Winger,,https://www.fotmob.com/players/430856/takuma-asano,
Rob Holding,3.00m,2016/2017,Bolton,Arsenal FC,League One,Premier League,Centre-Back,,https://www.fotmob.com/players/626667/rob-holding,
Vincent Janssen,22.00m,2016/2017,AZ Alkmaar,Tottenham Hotspur,Eredivisie,Premier League,Centre-Forward,,https://www.fotmob.com/players/467022/vincent-janssen,
Georges-Kevin N'Koudou,11.00m,2016/2017,Marseille,Tottenham Hotspur,Ligue 1,Premier League,Left Winger,,https://www.fotmob.com/players/473855/georges-kevin-nkoudou,
Gabriel Jesus,32.00m,2016/2017,Palmeiras,Manchester City,Serie A,Premier League,Centre-Forward,,https://www.fotmob.com/players/576165/gabriel-jesus,
Marlos Moreno,5.50m,2016/2017,Atletico Nacional,Manchester City,Liga Dimayor,Premier League,Left Winger,,https://www.fotmob.com/players/677249/marlos-moreno,
Geronimo Rulli,4.70m,2016/2017,Maldonado,Manchester City,Segunda Division,Premier League,Goalkeeper,,keeper?,
Oleksandr Zinchenko,2.25m,2016/2017,Ufa,Manchester City,Russian Premier League,Premier League,Left-Back,,https://www.fotmob.com/players/623621/oleksandr-zinchenko,
Yangel Herrera,1.00m,2016/2017,Atletico Venezuela,Manchester City,Venezuelan Primera Division,Premier League,Central Midfield,,https://www.fotmob.com/players/730901/yangel-herrera,
Pablo Mari,200k,2016/2017,Gimnastic,Manchester City,Primera Federacion,Premier League,Centre-Back,,https://www.fotmob.com/players/299981/pablo-mari,
Aaron Mooy,free transfer,2016/2017,Melbourne City,Manchester City,A-League,Premier League,Central Midfield,,https://www.fotmob.com/players/231592/aaron-mooy,retired
Sofiane Boufal,18.70m,2016/2017,LOSC Lille,Southampton FC,Ligue 1,Premier League,Left Winger,,https://www.fotmob.com/players/365672/sofiane-boufal,
Nathan Redmond,13.50m,2016/2017,Norwich,Southampton FC,Championship,Premier League,Right Winger,,https://www.fotmob.com/players/201664/nathan-redmond,
Robert Snodgrass,12.00m,2016/2017,Hull City,West Ham United,Championship,Premier League,Right Winger,,https://www.fotmob.com/players/32728/robert-snodgrass,
Arthur Masuaku,7.10m,2016/2017,Olympiacos,West Ham United,Super League Greece,Premier League,Left-Back,,https://www.fotmob.com/players/418137/arthur-masuaku,
Edimilson Fernandes,6.40m,2016/2017,FC Sion,West Ham United,Swiss Super League,Premier League,Defensive Midfield,,https://www.fotmob.com/players/451335/edimilson-fernandes,
Ramadan Sobhi,5.00m,2016/2017,Ahly SC,Stoke City,Egyptian Premier League,Premier League,Attacking Midfield,,https://www.fotmob.com/players/612489/ramadan-sobhi,
Harry Souttar,3.62m,2016/2017,Dundee United,Stoke City,Scottish Premiership,Premier League,Centre-Back,,https://www.fotmob.com/players/671518/harry-souttar,
Lee Grant,1.50m,2016/2017,Derby,Stoke City,Championship,Premier League,Goalkeeper,,keeper?,
Ryan Sweeney,295k,2016/2017,AFC Wimbledon,Stoke City,League Two,Premier League,Centre-Back,,https://www.fotmob.com/players/601346/ryan-sweeney,
Ademola Lookman,8.80m,2016/2017,Charlton,Everton FC,League One,Premier League,Second Striker,,https://www.fotmob.com/players/690516/ademola-lookman,
Dominic Calvert-Lewin,1.80m,2016/2017,Sheff Utd,Everton FC,League One,Premier League,Centre-Forward,,https://www.fotmob.com/players/612150/dominic-calvert-lewin,
Borja Baston,18.00m,2016/2017,Atletico Madrid,Swansea City,La Liga,Premier League,Centre-Forward,,https://www.fotmob.com/players/200917/borja-baston,
Alfie Mawson,5.90m,2016/2017,Barnsley,Swansea City,Championship,Premier League,Centre-Back,,https://www.fotmob.com/players/511987/alfie-mawson,
Luciano Narsingh,4.60m,2016/2017,PSV Eindhoven,Swansea City,Eredivisie,Premier League,Right Winger,,https://www.fotmob.com/players/158581/luciano-narsingh,
Mike van der Hoorn,2.50m,2016/2017,Ajax,Swansea City,Eredivisie,Premier League,Centre-Back,,https://www.fotmob.com/players/264860/mike-van-der-hoorn,
Isaac Success,15.00m,2016/2017,Granada CF,Watford FC,La Liga,Premier League,Centre-Forward,,https://www.fotmob.com/players/534484/isaac-success,
Sven Kums,9.00m,2016/2017,KAA Gent,Watford FC,Belgian Pro League,Premier League,Central Midfield,,https://www.fotmob.com/players/40521/sven-kums,
Christian Kabasele,6.95m,2016/2017,KRC Genk,Watford FC,Belgian Pro League,Premier League,Centre-Back,,https://www.fotmob.com/players/149219/christian-kabasele,
Stefano Okaka,6.00m,2016/2017,RSC Anderlecht,Watford FC,Belgian Pro League,Premier League,Centre-Forward,,https://www.fotmob.com/players/27696/stefano-okaka-chuka,
Brice Dja Djedje,3.60m,2016/2017,Marseille,Watford FC,Ligue 1,Premier League,Defensive Midfield,,https://www.fotmob.com/players/210691/brice-dja-djedje,
Jordon Ibe,18.00m,2016/2017,Liverpool,AFC Bournemouth,Premier League,Premier League,Right Winger,,https://www.fotmob.com/players/280653/jordon-ibe,
Lewis Cook,7.00m,2016/2017,Leeds,AFC Bournemouth,Championship,Premier League,Central Midfield,,https://www.fotmob.com/players/562724/lewis-cook,
Lys Mousset,6.50m,2016/2017,Le Havre AC,AFC Bournemouth,Ligue 2,Premier League,Centre-Forward,,https://www.fotmob.com/players/518371/lys-mousset,
Brad Smith,3.60m,2016/2017,Liverpool,AFC Bournemouth,Premier League,Premier League,Left-Back,,https://www.fotmob.com/players/515338/brad-smith,
Aaron Ramsdale,940k,2016/2017,Sheff Utd,AFC Bournemouth,League One,Premier League,Goalkeeper,,keeper?,
Didier Ndong,20.00m,2016/2017,FC Lorient,Sunderland AFC,Ligue 1,Premier League,Defensive Midfield,,https://www.fotmob.com/players/543358/ibrahim-didier-ndong,
Paddy McNair,5.25m,2016/2017,Man Utd,Sunderland AFC,Premier League,Premier League,Centre-Back,,no data,
Mika,1.50m,2016/2017,Boavista,Sunderland AFC,Primeira Liga,Premier League,Goalkeeper,,keeper?,
Donald Love,1.15m,2016/2017,Man Utd U23,Sunderland AFC,N/A,Premier League,Right-Back,,https://www.fotmob.com/players/684734/donald-love,
Robbie Brady,15.10m,2016/2017,Norwich,Burnley FC,Championship,Premier League,Left Midfield,,no data,
Jeff Hendrick,11.80m,2016/2017,Derby,Burnley FC,Championship,Premier League,Central Midfield,,https://www.fotmob.com/players/201734/jeff-hendrick,
Steven Defour,8.6,2016/2017,RSC Anderlecht,Burnley FC,Belgian Pro League,Premier League,Defensive Midfield,,https://www.fotmob.com/players/39631/steven-defour,
Johann Berg Gudmundsson,3,2016/2017,Charlton,Burnley FC,League One,Premier League,Right Winger,,https://www.fotmob.com/players/129915/johann-berg-gudmundsson,
Nick Pope,1.3,2016/2017,Charlton,Burnley FC,League One,Premier League,Goalkeeper,,keeper?,
Harry Flowers,-,2016/2017,Brocton FC,Burnley FC,N/A,Premier League,Centre-Back,,https://www.fotmob.com/players/918340/harry-flowers,
Markus Henriksen,5.3,2016/2017,AZ Alkmaar,Hull City,Eredivisie,Premier League,Centre-Forward,,https://www.fotmob.com/players/157101/markus-henriksen,
Evandro,2.5,2016/2017,FC Porto,Hull City,Primeira Liga,Premier League,Attacking Midfield,,no data,
Davinson Sanchez,42,2017/2018,Ajax,Tottenham Hotspur,Eredivisie,Premier League,Centre-Back,,,
Juan Foyth,10.5,2017/2018,Estudiantes LP,Tottenham Hotspur,Argentine Primera Division,Premier League,Right-Back,,,
Douglas Luiz,12,2017/2018,Vasco da Gama,Manchester City,Campeonato Brasileiro Serie A,Premier League,Central Midfield,,,
Jack Harrison,4,2017/2018,New York City,Manchester City,Major League Soccer,Premier League,Right Winger,,,
Olarenwaju Kayode,3.8,2017/2018,Austria Vienna,Manchester City,Austrian Bundesliga,Premier League,Centre-Forward,,,
Luka Ilic,2.5,2017/2018,Red Star,Manchester City,Serbian SuperLiga,Premier League,Attacking Midfield,,,
Konstantinos Mavropanos,2.1,2017/2018,PAS Giannina,Arsenal FC,Super League Greece,Premier League,Centre-Back,,,
Nikola Vlasic,10.8,2017/2018,Hajduk Split,Everton FC,Prva HNL,Premier League,Attacking Midfield,,,
Henry Onyekuru,8,2017/2018,KAS Eupen,Everton FC,Belgian Pro League,Premier League,Left Winger,,,
Cenk Tosun,22.5,2017/2018,Besiktas,Everton FC,Super Lig,Premier League,Centre-Forward,,,
Jan Bednarek,6,2017/2018,Lech Poznan,Southampton FC,Ekstraklasa,Premier League,Centre-Back,,,
Yuning Zhang,7.2,2017/2018,Vitesse,West Bromwich Albion,Eredivisie,Premier League,Centre-Forward,,,
Ahmed Hegazy,5,2017/2018,Ahly SC,West Bromwich Albion,Egyptian Premier League,Premier League,Centre-Back,,,
Sead Haksabanovic,3,2017/2018,Halmstads BK,West Ham United,Allsvenskan,Premier League,Left Winger,,,
Adrien Silva,20.5,2017/2018,Sporting CP,Leicester City,Primeira Liga,Premier League,Central Midfield,,,
Fousseni Diabate,2,2017/2018,G. Ajaccio,Leicester City,Ligue 2,Premier League,Right Winger,,,
Sam Hughes,0.145,2017/2018,Chester,Leicester City,National League North,Premier League,Centre-Back,,,
George Thomas,free transfer,2017/2018,Coventry,Leicester City,EFL Championship,Premier League,Attacking Midfield,,,
Badou Ndiaye,16,2017/2018,Galatasaray,Stoke City,Super Lig,Premier League,Defensive Midfield,,,
Ederson,40.00m,2017/2018,Benfica,Manchester City,Primeira Liga,Premier League,Goalkeeper,,,
Moritz Bauer,6.2,2017/2018,Rubin Kazan,Stoke City,Russian Premier League,Premier League,Right-Back,,,
Eric-Maxim Choupo-Moting,free transfer,2017/2018,FC Schalke 04,Stoke City,2. Bundesliga,Premier League,Centre-Forward,,,
Jaroslaw Jach,2.75,2017/2018,Zaglebie Lubin,Crystal Palace,Ekstraklasa,Premier League,Centre-Back,,,
Dion Henry,free transfer,2017/2018,Peterborough,Crystal Palace,League One,Premier League,Goalkeeper,,,
Diego Cavalieri,-,2017/2018,Without Club,Crystal Palace,N/A,Premier League,Goalkeeper,,,
Cian Harries,0.285,2017/2018,Coventry,Swansea City,EFL Championship,Premier League,Centre-Back,,,
Erwin Mulder,free transfer,2017/2018,Heerenveen,Swansea City,Eredivisie,Premier League,Goalkeeper,,,
Courtney Baker-Richardson,-,2017/2018,Leamington,Swansea City,National League North,Premier League,Centre-Forward,,,
Jack Withers,-,2017/2018,Boston Utd,Swansea City,National League,Premier League,Centre-Back,,,
Chris Wood,16.4,2017/2018,Leeds,Burnley FC,Championship,Premier League,Centre-Forward,,,
Charlie Taylor,free transfer,2017/2018,Leeds,Burnley FC,Championship,Premier League,Left-Back,,,
Adam Legzdins,-,2017/2018,Birmingham,Burnley FC,EFL League One,Premier League,Goalkeeper,,,
Anders Lindegaard,-,2017/2018,Without Club,Burnley FC,N/A,Premier League,Goalkeeper,,,
Richarlison,12.4,2017/2018,Fluminense,Watford FC,Campeonato Brasileiro Serie A,Premier League,Centre-Forward,,,
Will Hughes,9.1,2017/2018,Derby,Watford FC,Championship,Premier League,Central Midfield,,,
Dodi Lukebakio,5,2017/2018,R Charleroi SC,Watford FC,Belgian Pro League,Premier League,Right Winger,,,
Pontus Dahlberg,3.9,2017/2018,IFK Goteborg,Watford FC,Allsvenskan,Premier League,Goalkeeper,,,
Jorge Segura,free transfer,2017/2018,Envigado,Watford FC,Categoria Primera A,Premier League,Centre-Back,,,
Daniel Bachmann,free transfer,2017/2018,Stoke City U23,Watford FC,N/A,Premier League,Goalkeeper,,,
Luis Suarez,-,2017/2018,Leones FC,Watford FC,Categoria Primera B,Premier League,Centre-Forward,,,
Jacob Murphy,11.3,2017/2018,Norwich,Newcastle United,Championship,Premier League,Right Winger,,,
Jose Izquierdo,18,2017/2018,Club Brugge,Brighton & Hove Albion,Belgian Pro League,Premier League,Left Winger,,,
Jurgen Locadia,17,2017/2018,PSV Eindhoven,Brighton & Hove Albion,Eredivisie,Premier League,Centre-Forward,,,
Davy Propper,13,2017/2018,PSV Eindhoven,Brighton & Hove Albion,Eredivisie,Premier League,Central Midfield,,,
Markus Suttner,4.5,2017/2018,FC Ingolstadt,Brighton & Hove Albion,3. Liga,Premier League,Left-Back,,,
Pascal Gross,3,2017/2018,FC Ingolstadt,Brighton & Hove Albion,3. Liga,Premier League,Central Midfield,,,
Ales Mateju,2.5,2017/2018,Viktoria Plzen,Brighton & Hove Albion,Czech First League,Premier League,Centre-Back,,,
Mathias Normann,1.4,2017/2018,Bodo/Glimt,Brighton & Hove Albion,Eliteserien,Premier League,Defensive Midfield,,,
Viktor Gyokeres,1,2017/2018,Brommapojkarna,Brighton & Hove Albion,Allsvenskan,Premier League,Centre-Forward,,,
Soufyan Ahannach,0.6,2017/2018,Almere City,Brighton & Hove Albion,Eerste Divisie,Premier League,Left Winger,,,
Alex Pritchard,12.35,2017/2018,Norwich,Huddersfield Town,Championship,Premier League,Attacking Midfield,,,
Laurent Depoitre,3.80m,2017/2018,FC Porto,Huddersfield Town,Primeira Liga,Premier League,Centre-Forward,,,
Tom Ince,9.1,2017/2018,Derby,Huddersfield Town,Championship,Premier League,Right Winger,,,
Marvin Zeegelaar,3.00m,2017/2018,Sporting CP,Watford FC,Primeira Liga,Premier League,Left-Back,,,
Scott Malone,3.9,2017/2018,Fulham,Huddersfield Town,Championship,Premier League,Left-Back,,,
Victor Lindelof,35.00m,2017/2018,Benfica,Manchester United,Primeira Liga,Premier League,Centre-Back,,,
Bruno Martins Indi,7.70m,2017/2018,FC Porto,Stoke City,Primeira Liga,Premier League,Centre-Back,,,
Ezequiel Schelotto,3.00m,2017/2018,Sporting CP,Brighton & Hove Albion,Primeira Liga,Premier League,Right Midfield,,,
Zanka,2.7,2017/2018,FC Copenhagen,Huddersfield Town,Danish Superliga,Premier League,Centre-Back,,,
Abdelhamid Sabiri,1.5,2017/2018,1.FC Nuremberg,Huddersfield Town,2. Bundesliga,Premier League,Attacking Midfield,,,
Adrien Silva,20.50m,2017/2018,Sporting CP,Leicester City,Primeira Liga,Premier League,Central Midfield,,,
Elias Kachunga,1.3,2017/2018,FC Ingolstadt,Huddersfield Town,3. Liga,Premier League,Centre-Forward,,,
Danny Williams,free transfer,2017/2018,Reading,Huddersfield Town,Championship,Premier League,Defensive Midfield,,,
Ante Palaversa,6.3,2018/2019,Hajduk Split,Manchester City,Croatian First League,Premier League,Defensive Midfield,https://www.fotmob.com/players/951805/ante-palaversa,,
Philippe Sandler,2.5,2018/2019,PEC Zwolle,Manchester City,Eredivisie,Premier League,Centre-Back,https://www.fotmob.com/players/773831/philippe-sandler,,
Ko Itakura,1.1,2018/2019,Kawasaki Front.,Manchester City,J1 League,Premier League,Centre-Back,https://www.fotmob.com/players/620917/ko-itakura,,
Daniel Arzani,0.89,2018/2019,Melbourne City,Manchester City,A-League,Premier League,Right Winger,https://www.fotmob.com/players/799044/daniel-arzani,,
Fred,59,2018/2019,Shakhtar D.,Manchester United,Ukrainian Premier League,Premier League,Central Midfield,https://www.fotmob.com/players/322049/fred,,
Diogo Dalot,22,2018/2019,FC Porto,Manchester United,Primeira Liga,Premier League,Right-Back,https://www.fotmob.com/players/751550/diogo-dalot,,
Ben Gibson,16.9,2018/2019,Middlesbrough,Burnley FC,Championship,Premier League,Centre-Back,https://www.fotmob.com/players/201738/ben-gibson,,
Matej Vydra,12.2,2018-2019,Derby,Burnley FC,Championship,Premier League,Centre-Forward,https://www.fotmob.com/players/196308/matej-vydra,,
Peter Crouch,0,2018-2019,Stoke City,Burnley FC,Championship,Premier League,Centre-Forward,https://www.fotmob.com/players/30830/peter-crouch,,
Bernard,0,2018-2019,Shakhtar D.,Everton FC,Ukrainian Premier League,Premier League,Left Winger,https://www.fotmob.com/players/265116/bernard,,
James Maddison,25,2018-2019,Norwich,Leicester City,Championship,Premier League,Attacking Midfield,https://www.fotmob.com/players/493165/james-maddison,,
Filip Benkovic,14.5,2018-2019,Dinamo Zagreb,Leicester City,Croatian First League,Premier League,Centre-Back,https://www.fotmob.com/players/656371/filip-benkovic,,
Jonny Evans,4,2018-2019,West Brom,Leicester City,Championship,Premier League,Centre-Back,https://www.fotmob.com/players/43248/jonny-evans,,
Davide Lorenzo,0,2018-2019,Without Club,Leicester City,,Premier League,Striker,,,
Miguel Almiron,24,2018-2019,Atlanta,Newcastle United,MLS,Premier League,Right Winger,https://www.fotmob.com/players/442277/miguel-almiron,,
Federico Fernandez,6.7,2018-2019,Swansea,Newcastle United,Championship,Premier League,Centre-Back,https://www.fotmob.com/players/155050/federico-fernandez,,
Martin Dubravka,4,2018-2019,Sparta Prague,Newcastle United,Czech First League,Premier League,Goalkeeper,,,
Sung-yueng Ki,0,2018-2019,Swansea,Newcastle United,Championship,Premier League,Defensive Midfield,https://www.fotmob.com/players/144996/sung-yueng-ki,,
Bakary Sako,0,2018-2019,West Brom,Crystal Palace,Championship,Premier League,Left Winger,https://www.fotmob.com/players/46417/bakary-sako,,
Chris Mepham,13.6,2018-2019,Brentford,AFC Bournemouth,Championship,Premier League,Centre-Back,https://www.fotmob.com/players/819762/chris-mepham,,
David Brooks,11.3,2018-2019,Sheff Utd,AFC Bournemouth,Championship,Premier League,Right Winger,https://www.fotmob.com/players/674014/david-brooks,,
Lukasz Fabianski,8,2018-2019,Swansea,West Ham United,Championship,Premier League,Goalkeeper,,,
Ricardo Pereira,22,2018-2019,FC Porto,Leicester City,Primeira Liga,Premier League,Right-Back,https://www.fotmob.com/players/306128/ricardo-pereira,,
Fabian Balbuena,4,2018-2019,Corinthians,West Ham United,Brazilian Serie A,Premier League,Centre-Back,https://www.fotmob.com/players/307438/fabian-balbuena,,
Xande Silva,1.5,2018-2019,Vit. Guimaraes,West Ham United,Primeira Liga,Premier League,Left Winger,https://www.fotmob.com/players/571296/xande-silva,,
Ken Sema,2.25,2018-2019,Ostersund,Watford FC,Allsvenskan,Premier League,Left Winger,https://www.fotmob.com/players/520670/ken-sema,,
Filip Stuparevic,2.25,2018-2019,Vozdovac,Watford FC,Serbian SuperLiga,Premier League,Centre-Forward,https://www.fotmob.com/players/845738/filip-stuparevic,,
Ben Wilmot,1.7,2018-2019,Stevenage,Watford FC,League Two,Premier League,Centre-Back,https://www.fotmob.com/players/798603/ben-wilmot,,
Domingos Quina,1.1,2018-2019,West Ham U23,Watford FC,Premier League 2,Premier League,Central Midfield,,,
Kwasi Sibo,0,2018-2019,Banants,Watford FC,Armenian Premier League,Premier League,Central Midfield,https://www.fotmob.com/players/948745/kwasi-sibo,,
Alireza Jahanbakhsh,22.5,2018-2019,AZ Alkmaar,Brighton & Hove Albion,Eredivisie,Premier League,Right Winger,https://www.fotmob.com/players/466890/alireza-jahanbakhsh,,
Alexis Mac Allister,8,2018-2019,Argentinos Jrs.,Brighton & Hove Albion,Argentine Primera Division,Premier League,Central Midfield,https://www.fotmob.com/players/831489/alexis-mac-allister,,
Percy Tau,3.2,2018-2019,Sundowns,Brighton & Hove Albion,South African Premier Division,Premier League,Right Winger,https://www.fotmob.com/players/563065/percy-tau,,
Jan Mlakar,3,2018-2019,NK Maribor,Brighton & Hove Albion,Slovenian PrvaLiga,Premier League,Left Winger,https://www.fotmob.com/players/822534/jan-mlakar,,
Tudor Baluta,2.9,2018-2019,FC Viitorul,Brighton & Hove Albion,Liga I,Premier League,Defensive Midfield,https://www.fotmob.com/players/862022/tudor-baluta,,
Anders Dreyer,2.2,2018-2019,Esbjerg fB,Brighton & Hove Albion,Danish Superliga,Premier League,Right Winger,https://www.fotmob.com/players/641344/anders-dreyer,,
Billy Arce,0.86,2018-2019,Independiente,Brighton & Hove Albion,Argentine Primera Division,Premier League,Left Winger,https://www.fotmob.com/players/823438/billy-arce,,
Leo Ostigard,0.11,2018-2019,Molde FK,Brighton & Hove Albion,Eliteserien,Premier League,Centre-Back,https://www.fotmob.com/players/740944/leo-ostigard,,
Jason Steele,0,2018-2019,Sunderland,Brighton & Hove Albion,League One,Premier League,Goalkeeper,,,
Ramadan Sobhi,6.5,2018-2019,Stoke City,Huddersfield Town,Championship,Premier League,Attacking Midfield,https://www.fotmob.com/players/612489/ramadan-sobhi,,
Florent Hadergjonaj,5,2018-2019,FC Ingolstadt,Huddersfield Town,2. Bundesliga,Premier League,Right-Back,https://www.fotmob.com/players/492132/florent-hadergjonaj,,
Juninho Bacuna,2.5,2018-2019,FC Groningen,Huddersfield Town,Eredivisie,Premier League,Central Midfield,https://www.fotmob.com/players/614574/juninho-bacuna,,
Karlan Grant,1.7,2018-2019,Charlton,Huddersfield Town,League One,Premier League,Centre-Forward,https://www.fotmob.com/players/586467/karlan-grant,,
Mohamed Elyounoussi,18,2018-2019,FC Basel,Southampton FC,Swiss Super League,Premier League,Right Winger,https://www.fotmob.com/players/261936/mohamed-elyounoussi,,
Stuart Armstrong,7.95,2018-2019,Celtic,Southampton FC,Scottish Premiership,Premier League,Central Midfield,https://www.fotmob.com/players/237563/stuart-armstrong,,
Adama Traore,20,2018-2019,Middlesbrough,Wolverhampton Wanderers,Championship,Premier League,Right Winger,https://www.fotmob.com/players/493647/adama-traore,,
Benik Afobe,11.4,2018-2019,Bournemouth,Wolverhampton Wanderers,Premier League,Premier League,Centre-Forward,https://www.fotmob.com/players/232253/benik-afobe,,
Maximilian Kilman,4.75,2018-2019,Maidenhead Utd.,Wolverhampton Wanderers,National League,Premier League,Centre-Back,https://www.fotmob.com/players/865931/max-kilman,,
Leo Bonatini,4,2018-2019,Al-Hilal,Wolverhampton Wanderers,Saudi Pro League,Premier League,Centre-Forward,,,
Josh Murphy,11.4,2018-2019,Norwich,Cardiff City,Championship,Premier League,Left Winger,https://www.fotmob.com/players/492045/josh-murphy,,
Bobby De Cordova-Reid,11.35,2018-2019,Bristol City,Cardiff City,Championship,Premier League,Right Winger,https://www.fotmob.com/players/262550/bobby-reid,,
Greg Cunningham,4,2018-2019,Preston,Cardiff City,Championship,Premier League,Centre-Back,https://www.fotmob.com/players/193531/gregory-cunningham,,
Alex Smithies,4,2018-2019,QPR,Cardiff City,Championship,Premier League,Goalkeeper,,,
Leandro Bacuna,3.45,2018-2019,Reading,Cardiff City,Championship,Premier League,Central Midfield,https://www.fotmob.com/players/183500/leandro-bacuna,,
Alfie Mawson,16.85,2018-2019,Swansea,Fulham FC,Championship,Premier League,Centre-Back,https://www.fotmob.com/players/511987/alfie-mawson,,
Rui Patricio,18,2018-2019,Sporting CP,Wolverhampton Wanderers,Primeira Liga,Premier League,Goalkeeper,,,
Ricardo Pereira,22,2018-2019,FC Porto,Leicester City,Primeira Liga,Premier League,Right-Back,https://www.fotmob.com/players/306128/ricardo-pereira,,
Willy Boly,12,2018-2019,FC Porto,Wolverhampton Wanderers,Primeira Liga,Premier League,Centre-Back,https://www.fotmob.com/players/246331/willy-boly,,
Joe Bryan,6.7,2018-2019,Bristol City,Fulham FC,Championship,Premier League,Left-Back,https://www.fotmob.com/players/298676/joe-bryan,,
Fabri,6,2018-2019,Besiktas,Fulham FC,Super Lig,Premier League,Goalkeeper,,,
Ryan Babel,2,2018-2019,Besiktas,Fulham FC,Super Lig,Premier League,Left Winger,https://www.fotmob.com/players/30915/ryan-babel,,
Angelino,12,2019-2020,PSV Eindhoven,Manchester City,Eredivisie,Premier League,Left-Back,https://www.fotmob.com/players/603537/angelino,,
Zack Steffen,6.82,2019-2020,Columbus Crew,Manchester City,MLS,Premier League,Goalkeeper,,,
Slobodan Tedic,3,2019-2020,Cukaricki,Manchester City,Serbian SuperLiga,Premier League,Centre-Forward,https://www.fotmob.com/players/857469/slobodan-tedic,,
Ryotaro Meshino,1,2019-2020,Gamba Osaka,Manchester City,J1 League,Premier League,Left Winger,https://www.fotmob.com/players/824619/ryotaro-meshino,,
Takumi Minamino,8.5,2019-2020,RB Salzburg,Liverpool FC,Austrian Bundesliga,Premier League,Left Winger,https://www.fotmob.com/players/408943/takumi-minamino,,
Sepp van den Berg,1.9,2019-2020,PEC Zwolle,Liverpool FC,Eredivisie,Premier League,Centre-Back,https://www.fotmob.com/players/919435/sepp-van-den-berg,,
Andy Lonergan,0,2019-2020,Middlesbrough,Liverpool FC,Championship,Premier League,Goalkeeper,,,
Bruno Fernandes,65,2019-2020,Sporting CP,Manchester United,Primeira Liga,Premier League,Attacking Midfield,https://www.fotmob.com/players/422685/bruno-fernandes,,
Steven Bergwijn,30,2019-2020,PSV Eindhoven,Tottenham Hotspur,Eredivisie,Premier League,Left Winger,https://www.fotmob.com/players/564818/steven-bergwijn,,
Jack Clarke,11,2019-2020,Leeds,Tottenham Hotspur,Championship,Premier League,Left Winger,https://www.fotmob.com/players/914402/jack-clarke,,
Michel Vorm,0,2019-2020,Without Club,Tottenham Hotspur,,Premier League,Goalkeeper,,,
Kieran Tierney,27,2019-2020,Celtic,Arsenal FC,Scottish Premiership,Premier League,Left-Back,https://www.fotmob.com/players/582499/kieran-tierney,,
Gabriel Martinelli,7.1,2019-2020,Ituano,Arsenal FC,Brazilian Serie A,Premier League,Left Winger,https://www.fotmob.com/players/1021586/gabriel-martinelli,,
Daniel James,17.8,2019-2020,Swansea,Manchester United,Championship,Premier League,Right Winger,https://www.fotmob.com/players/717176/daniel-james,,
Raul Jimenez,38,2019-2020,Benfica,Wolverhampton Wanderers,Primeira Liga,Premier League,Centre-Forward,https://www.fotmob.com/players/292313/raul-jimenez,,
Daniel Podence,19.6,2019-2020,Olympiacos,Wolverhampton Wanderers,Greek Super League,Premier League,Attacking Midfield,https://www.fotmob.com/players/524435/daniel-podence,,
Leander Dendoncker,13.8,2019-2020,RSC Anderlecht,Wolverhampton Wanderers,Belgian Pro League,Premier League,Defensive Midfield,https://www.fotmob.com/players/424129/leander-dendoncker,,
Renat Dadashov,0.5,2019-2020,Estoril,Wolverhampton Wanderers,Liga Portugal 2,Premier League,Centre-Forward,https://www.fotmob.com/players/749737/renat-dadashov,,
Leonardo Campana,0,2019-2020,Barcelona SC,Wolverhampton Wanderers,Ecuadorian Serie A,Premier League,Centre-Forward,https://www.fotmob.com/players/1032040/leonardo-campana,,
Jarrad Branthwaite,1.1,2019-2020,Carlisle United,Everton FC,League Two,Premier League,Centre-Back,https://www.fotmob.com/players/1030829/jarrad-branthwaite,,
Jonas Lossl,0,2019-2020,Huddersfield,Everton FC,Championship,Premier League,Goalkeeper,,,
James Justin,6.7,2019-2020,Luton,Leicester City,Championship,Premier League,Right-Back,https://www.fotmob.com/players/710158/james-justin,,
Callum Hulme,0,2019-2020,Bury,Leicester City,League One,Premier League,Defensive Midfield,https://www.fotmob.com/players/840152/callum-hulme,,
George Hirst,0,2019-2020,OH Leuven,Leicester City,Belgian Pro League,Premier League,Centre-Forward,https://www.fotmob.com/players/750033/george-hirst,,
Jarrod Bowen,21.3,2019-2020,Hull City,West Ham United,Championship,Premier League,Right Winger,https://www.fotmob.com/players/523825/jarrod-bowen,,
Albian Ajeti,11.3,2019-2020,FC Basel,West Ham United,Swiss Super League,Premier League,Centre-Forward,https://www.fotmob.com/players/527104/albian-ajeti,,
Darren Randolph,4.7,2019-2020,Middlesbrough,West Ham United,Championship,Premier League,Goalkeeper,,,
David Martin,0,2019-2020,Millwall,West Ham United,Championship,Premier League,Goalkeeper,,,
Joao Pedro,11.5,2019-2020,Fluminense,Watford FC,Brazilian Serie A,Premier League,Centre-Forward,https://www.fotmob.com/players/1021382/joao-pedro,,
Kaylen Hinds,0,2019-2020,Without Club,Watford FC,,Premier League,Second Striker,https://www.fotmob.com/players/687683/kaylen-hinds,,
Jordan Ayew,2.8,2019-2020,Swansea,Crystal Palace,Championship,Premier League,Right Winger,https://www.fotmob.com/players/154280/jordan-ayew,,
Stephen Henderson,0,2019-2020,Forest,Crystal Palace,Championship,Premier League,Goalkeeper,,,
Philip Billing,16.5,2019-2020,Huddersfield,AFC Bournemouth,Championship,Premier League,Central Midfield,https://www.fotmob.com/players/532743/philip-billing,,
Arnaut Danjuma,16.46,2019-2020,Club Brugge,AFC Bournemouth,Belgian Pro League,Premier League,Left Winger,https://www.fotmob.com/players/704151/arnaut-danjuma,,
Lloyd Kelly,14.8,2019-2020,Bristol City,AFC Bournemouth,Championship,Premier League,Centre-Back,https://www.fotmob.com/players/819215/lloyd-kelly,,
Jack Stacey,4.45,2019-2020,Luton,AFC Bournemouth,Championship,Premier League,Right-Back,https://www.fotmob.com/players/564794/jack-stacey,,
Josh Brownhill,10,2019-2020,Bristol City,Burnley FC,Championship,Premier League,Central Midfield,https://www.fotmob.com/players/494597/josh-brownhill,,
Jay Rodriguez,10,2019-2020,West Brom,Burnley FC,Championship,Premier League,Centre-Forward,https://www.fotmob.com/players/109491/jay-rodriguez,,
Bailey Peacock-Farrell,2.75,2019-2020,Leeds,Burnley FC,Championship,Premier League,Goalkeeper,,,
Erik Pieters,1.1,2019-2020,Stoke City,Burnley FC,Championship,Premier League,Left-Back,https://www.fotmob.com/players/37194/erik-pieters,,
Che Adams,16.7,2019-2020,Birmingham,Southampton FC,Championship,Premier League,Centre-Forward,https://www.fotmob.com/players/599353/che-adams,,
Moussa Djenepo,15.7,2019-2020,Standard Liege,Southampton FC,Belgian Pro League,Premier League,Left Winger,https://www.fotmob.com/players/862645/moussa-djenepo,,
Adam Webster,22.22,2019-2020,Bristol City,Brighton & Hove Albion,Championship,Premier League,Centre-Back,https://www.fotmob.com/players/303346/adam-webster,,
Neal Maupay,15.56,2019-2020,Brentford,Brighton & Hove Albion,Championship,Premier League,Centre-Forward,https://www.fotmob.com/players/391064/neal-maupay,,
Leandro Trossard,15.56,2019-2020,KRC Genk,Brighton & Hove Albion,Belgian Pro League,Premier League,Left Winger,https://www.fotmob.com/players/318615/leandro-trossard,,
Matt Clarke,3.9,2019-2020,Portsmouth,Brighton & Hove Albion,League One,Premier League,Centre-Back,,,
Aaron Mooy,3.3,2019-2020,Huddersfield,Brighton & Hove Albion,Championship,Premier League,Central Midfield,https://www.fotmob.com/players/231592/aaron-mooy,,
Tariq Lamptey,1.2,2019-2020,Chelsea U23,Brighton & Hove Albion,Premier League 2,Premier League,Right-Back,https://www.fotmob.com/players/955139/tariq-lamptey,,
Sam McCallum,4.15,2019-2020,Coventry,Norwich City,League One,Premier League,Left-Back,https://www.fotmob.com/players/962002/sam-mccallum,,
Daniel Adshead,0.34,2019-2020,Rochdale,Norwich City,League One,Premier League,Central Midfield,https://www.fotmob.com/players/875135/daniel-adshead,,
Rocky Bushiri,0,2019-2020,KV Oostende,Norwich City,Belgian Pro League,Premier League,Centre-Back,https://www.fotmob.com/players/862635/rocky-bushiri,,
Sander Berge,25,2019-2020,KRC Genk,Sheffield United,Belgian Pro League,Premier League,Defensive Midfield,https://www.fotmob.com/players/540963/sander-berge,,
Oli McBurnie,19.1,2019-2020,Swansea,Sheffield United,Championship,Premier League,Centre-Forward,https://www.fotmob.com/players/509151/oliver-mcburnie,,
Callum Robinson,7.8,2019-2020,Preston,Sheffield United,Championship,Premier League,Centre-Forward,https://www.fotmob.com/players/504085/callum-robinson,,
Luke Freeman,5.6,2019-2020,QPR,Sheffield United,Championship,Premier League,Attacking Midfield,https://www.fotmob.com/players/106954/luke-freeman,,
Ben Osborn,3.9,2019-2020,Forest,Sheffield United,Championship,Premier League,Central Midfield,https://www.fotmob.com/players/511032/ben-osborn,,
Michael Verrips,0,2019-2020,KV Mechelen,Sheffield United,Belgian Pro League,Premier League,Goalkeeper,,,
Ravel Morrison,0,2019-2020,Ostersund,Sheffield United,Allsvenskan,Premier League,Attacking Midfield,https://www.fotmob.com/players/231804/ravel-morrison,,
Jack Robinson,0,2019-2020,Forest,Sheffield United,Championship,Premier League,Centre-Back,https://www.fotmob.com/players/202181/jack-robinson,,
Jack Rodwell,0,2019-2020,Without Club,Sheffield United,,Premier League,Centre-Back,https://www.fotmob.com/players/109058/jack-rodwell,,
Wesley Moraes,25,2019-2020,Club Brugge,Aston Villa,Belgian Pro League,Premier League,Centre-Forward,,,
Ezri Konsa,13.3,2019-2020,Brentford,Aston Villa,Championship,Premier League,Centre-Back,https://www.fotmob.com/players/710159/ezri-konsa,,
Marvelous Nakamba,12,2019-2020,Club Brugge,Aston Villa,Belgian Pro League,Premier League,Defensive Midfield,https://www.fotmob.com/players/541330/marvelous-nakamba,,
Ally Samatta,10.5,2019-2020,KRC Genk,Aston Villa,Belgian Pro League,Premier League,Centre-Forward,,,
Mahmoud Trezeguet,10,2019-2020,Kasimpasa,Aston Villa,Turkish Super Lig,Premier League,Left Winger,https://www.fotmob.com/players/513492/trezeguet,,
Jota Peleteiro,4.5,2019-2020,Birmingham,Aston Villa,Championship,Premier League,Right Winger,,,
Borja Baston,0,2019-2020,Swansea,Aston Villa,Championship,Premier League,Centre-Forward,https://www.fotmob.com/players/200917/borja-baston,,
Pablo Mari,6,2020-2021,Flamengo,Arsenal FC,Brazilian Serie A,Premier League,Centre-Back,https://www.fotmob.com/players/299981/pablo-mari,,
Ollie Watkins,34,2020-2021,Brentford,Aston Villa,Championship,Premier League,Centre-Forward,https://www.fotmob.com/players/540088/ollie-watkins,,
Matty Cash,15.75,2020-2021,Forest,Aston Villa,Championship,Premier League,Right-Back,https://www.fotmob.com/players/729731/matty-cash,,
Moises Caicedo,28.2,2020-2021,Independiente,Brighton & Hove Albion,Argentine Primera Division,Premier League,Defensive Midfield,https://www.fotmob.com/players/1137668/moises-caicedo,,
Jakub Moder,11,2020-2021,Lech Poznan,Brighton & Hove Albion,Ekstraklasa,Premier League,Central Midfield,https://www.fotmob.com/players/891855/jakub-moder,,
Andi Zeqiri,4,2020-2021,Lausanne-Sport,Brighton & Hove Albion,Swiss Super League,Premier League,Centre-Forward,https://www.fotmob.com/players/642230/andi-zeqiri,,
Michal Karbownik,3.9,2020-2021,Legia Warszawa,Brighton & Hove Albion,Ekstraklasa,Premier League,Central Midfield,https://www.fotmob.com/players/1065940/michal-karbownik,,
Jan Paul van Hecke,2,2020-2021,NAC Breda,Brighton & Hove Albion,Eredivisie,Premier League,Centre-Back,https://www.fotmob.com/players/974618/jan-paul-van-hecke,,
Joel Veltman,1,2020-2021,Ajax,Brighton & Hove Albion,Eredivisie,Premier League,Right-Back,https://www.fotmob.com/players/304455/joel-veltman,,
Eberechi Eze,17.8,2020-2021,QPR,Crystal Palace,Championship,Premier League,Attacking Midfield,https://www.fotmob.com/players/818975/eberechi-eze,,
Jack Butland,1.1,2020-2021,Stoke City,Crystal Palace,Championship,Premier League,Goalkeeper,,,
Nathan Ferguson,0,2020-2021,West Brom,Crystal Palace,Championship,Premier League,Centre-Back,https://www.fotmob.com/players/883075/nathan-ferguson,,
Ben Godfrey,27.5,2020-2021,Norwich,Everton FC,Championship,Premier League,Centre-Back,https://www.fotmob.com/players/662936/ben-godfrey,,
Niels Nkounkou,0.27,2020-2021,Marseille B,Everton FC,Ligue 2,Premier League,Left-Back,https://www.fotmob.com/players/1104441/niels-nkounkou,,
Joshua King,0,2020-2021,Bournemouth,Everton FC,Championship,Premier League,Centre-Forward,https://www.fotmob.com/players/185236/joshua-king,,
Terence Kongolo,4.4,2020-2021,Huddersfield,Fulham FC,Championship,Premier League,Centre-Back,https://www.fotmob.com/players/299572/terence-kongolo,,
Antonee Robinson,2.1,2020-2021,Wigan,Fulham FC,Championship,Premier League,Left-Back,https://www.fotmob.com/players/662428/antonee-robinson,,
Tosin Adarabioyo,1.65,2020-2021,Man City U23,Fulham FC,Premier League 2,Premier League,Centre-Back,https://www.fotmob.com/players/683402/tosin-adarabioyo,,
Joe Gelhardt,1,2020-2021,Wigan,Leeds United,Championship,Premier League,Centre-Forward,https://www.fotmob.com/players/956161/joe-gelhardt,,
Konstantinos Tsimikas,13,2020-2021,Olympiacos,Liverpool FC,Greek Super League,Premier League,Left-Back,https://www.fotmob.com/players/671529/konstantinos-tsimikas,,
Ben Davies,1.85,2020-2021,Preston,Liverpool FC,Championship,Premier League,Centre-Back,https://www.fotmob.com/players/424609/ben-davies,,
Marcelo Pitaluga,0.75,2020-2021,Fluminense U23,Liverpool FC,Brazilian U20 League,Premier League,Goalkeeper,,,
Ruben Dias,71.6,2020-2021,Benfica,Manchester City,Primeira Liga,Premier League,Centre-Back,https://www.fotmob.com/players/614006/ruben-dias,,
Nahuel Bustos,6.5,2020-2021,CA Talleres,Manchester City,Argentine Primera Division,Premier League,Centre-Forward,https://www.fotmob.com/players/835409/nahuel-lautaro-bustos,,
Yan Couto,6,2020-2021,Coritiba FC,Manchester City,Brazilian Serie A,Premier League,Right-Back,https://www.fotmob.com/players/1109171/yan-couto,,
Diego Rosa,6,2020-2021,Gremio U23,Manchester City,Brazilian U20 League,Premier League,Defensive Midfield,https://www.fotmob.com/players/1108884/diego-rosa,,
Issa Kabore,4.5,2020-2021,KV Mechelen,Manchester City,Belgian Pro League,Premier League,Right-Back,https://www.fotmob.com/players/1099974/issa-kabore,,
Donny van de Beek,39,2020-2021,Ajax,Manchester United,Eredivisie,Premier League,Central Midfield,https://www.fotmob.com/players/612836/donny-van-de-beek,,
Alex Telles,15,2020-2021,FC Porto,Manchester United,Primeira Liga,Premier League,Left-Back,https://www.fotmob.com/players/428672/alex-telles,,
Facundo Pellistri,8.65,2020-2021,Penarol,Manchester United,Uruguayan Primera Division,Premier League,Left Winger,https://www.fotmob.com/players/1073402/facundo-pellistri,,
Jamal Lewis,16.5,2020-2021,Norwich,Newcastle United,Championship,Premier League,Left-Back,https://www.fotmob.com/players/864983/jamal-lewis,,
Mark Gillespie,0,2020-2021,Motherwell FC,Newcastle United,Scottish Premiership,Premier League,Goalkeeper,,,
Rhian Brewster,26,2020-2021,Liverpool U23,Sheffield United,Premier League 2,Premier League,Centre-Forward,https://www.fotmob.com/players/841150/rhian-brewster,,
Oliver Burke,6.5,2020-2021,West Brom,Sheffield United,Championship,Premier League,Centre-Forward,https://www.fotmob.com/players/609504/oliver-burke,,
Max Lowe,3.85,2020-2021,Derby,Sheffield United,Championship,Premier League,Left-Back,https://www.fotmob.com/players/492589/max-lowe,,
Jayden Bogle,3.85,2020-2021,Derby,Sheffield United,Championship,Premier League,Right-Back,https://www.fotmob.com/players/789646/jayden-bogle,,
Ismaila Coulibaly,2,2020-2021,Sarpsborg 08,Sheffield United,Eliteserien,Premier League,Central Midfield,https://www.fotmob.com/players/1035202/ismaila-coulibaly,,
Wes Foderingham,0,2020-2021,Rangers,Sheffield United,Scottish Premiership,Premier League,Goalkeeper,,,
Ibrahima Diallo,12,2020-2021,Stade Brestois,Southampton FC,Ligue 1,Premier League,Defensive Midfield,https://www.fotmob.com/players/938539/ibrahima-diallo,,
Joe Rodon,12.1,2020-2021,Swansea,Tottenham Hotspur,Championship,Premier League,Centre-Back,https://www.fotmob.com/players/717174/joe-rodon,,
Karlan Grant,16.5,2020-2021,Huddersfield,West Bromwich Albion,Championship,Premier League,Centre-Forward,https://www.fotmob.com/players/586467/karlan-grant,,
Matheus Pereira,8.25,2020-2021,Sporting CP,West Bromwich Albion,Primeira Liga,Premier League,Attacking Midfield,https://www.fotmob.com/players/522651/matheus-pereira,,
Cedric Kipre,1.1,2020-2021,Wigan,West Bromwich Albion,Championship,Premier League,Centre-Back,https://www.fotmob.com/players/760398/cedric-kipre,,
Branislav Ivanovic,0,2020-2021,Zenit S-Pb,West Bromwich Albion,Russian Premier League,Premier League,Right-Back,https://www.fotmob.com/players/31306/branislav-ivanovic,,
Andy Lonergan,0,2020-2021,Stoke City,West Bromwich Albion,Championship,Premier League,Goalkeeper,,,
Said Benrahma,23.1,2020-2021,Brentford,West Ham United,Championship,Premier League,Left Winger,https://www.fotmob.com/players/491883/said-benrahma,,
Tomas Soucek,16.2,2020-2021,Slavia Prague,West Ham United,Czech First League,Premier League,Defensive Midfield,https://www.fotmob.com/players/524437/tomas-soucek,,
Vladimir Coufal,6,2020-2021,Slavia Prague,West Ham United,Czech First League,Premier League,Right-Back,https://www.fotmob.com/players/307317/vladimir-coufal,,
Frederik Alves,1.6,2020-2021,Silkeborg IF,West Ham United,Danish Superliga,Premier League,Centre-Back,https://www.fotmob.com/players/1024169/frederik-alves-ibsen,,
Fabio Silva,40,2020-2021,FC Porto,Wolverhampton Wanderers,Primeira Liga,Premier League,Centre-Forward,https://www.fotmob.com/players/1050158/fabio-silva,,
Ki-Jana Hoever,9.8,2020-2021,Liverpool U23,Wolverhampton Wanderers,Premier League 2,Premier League,Right-Back,https://www.fotmob.com/players/1010733/ki-jana-hoever,,
Toti,0.79,2020-2021,Estoril,Wolverhampton Wanderers,Liga Portugal 2,Premier League,Centre-Back,https://www.fotmob.com/players/1013277/toti-gomes,,
Matija Sarkic,0,2020-2021,Aston Villa U23,Wolverhampton Wanderers,Premier League 2,Premier League,Goalkeeper,,,
Albert Sambi Lokonga,17.5,2021-2022,RSC Anderlecht,Arsenal FC,Belgian Pro League,Premier League,Central Midfield,https://www.fotmob.com/players/901495/albert-sambi-lokonga,,
Nuno Tavares,8,2021-2022,Benfica,Arsenal FC,Primeira Liga,Premier League,Left-Back,https://www.fotmob.com/players/957118/nuno-tavares,,
Auston Trusty,1.8,2021-2022,Colorado,Arsenal FC,MLS,Premier League,Centre-Back,https://www.fotmob.com/players/688271/auston-trusty,,
Kristoffer Ajer,15.7,2021-2022,Celtic,Brentford FC,Scottish Premiership,Premier League,Centre-Back,https://www.fotmob.com/players/552718/kristoffer-vassbakk-ajer,,
Frank Onyeka,10,2021-2022,FC Midtjylland,Brentford FC,Danish Superliga,Premier League,Central Midfield,https://www.fotmob.com/players/856685/frank-onyeka,,
Myles Peart-Harris,1.5,2021-2022,Chelsea U23,Brentford FC,Premier League 2,Premier League,Left Winger,https://www.fotmob.com/players/1113813/myles-peart-harris,,
Connor Roberts,2.9,2021-2022,Swansea,Burnley FC,Championship,Premier League,Right-Back,https://www.fotmob.com/players/484878/connor-roberts,,
Aaron Lennon,0,2021-2022,Kayserispor,Burnley FC,Turkish Super Lig,Premier League,Right Winger,https://www.fotmob.com/players/30895/aaron-lennon,,
Odsonne Edouard,16.3,2021-2022,Celtic,Crystal Palace,Scottish Premiership,Premier League,Centre-Forward,https://www.fotmob.com/players/637746/odsonne-edouard,,
Michael Olise,9.3,2021-2022,Reading,Crystal Palace,Championship,Premier League,Right Winger,https://www.fotmob.com/players/1029063/michael-olise,,
Luke Plange,1.18,2021-2022,Derby,Crystal Palace,Championship,Premier League,Centre-Forward,https://www.fotmob.com/players/1113891/luke-plange,,
Remi Matthews,0,2021-2022,Sunderland,Crystal Palace,League One,Premier League,Goalkeeper,,,
Jacob Montes,0,2021-2022,Georgetown,Crystal Palace,NCAA,Premier League,Attacking Midfield,https://www.fotmob.com/players/1283365/jacob-montes,,
Vitaliy Mykolenko,23.5,2021-2022,Dynamo Kyiv,Everton FC,Ukrainian Premier League,Premier League,Left-Back,https://www.fotmob.com/players/874025/vitaliy-mykolenko,,
Nathan Patterson,14,2021-2022,Rangers,Everton FC,Scottish Premiership,Premier League,Right-Back,https://www.fotmob.com/players/1112684/nathan-patterson,,
Salomon Rondon,0,2021-2022,DL Pro,Everton FC,Chinese Super League,Premier League,Centre-Forward,https://www.fotmob.com/players/51545/jose-salomon-rondon,,
Kristoffer Klaesson,2.4,2021-2022,Valerenga,Leeds United,Eliteserien,Premier League,Goalkeeper,,,
Leo Fuhr Hjelde,0,2021-2022,Celtic B,Leeds United,Scottish Championship,Premier League,Left-Back,,,
Patson Daka,30,2021-2022,RB Salzburg,Leicester City,Austrian Bundesliga,Premier League,Centre-Forward,https://www.fotmob.com/players/644459/patson-daka,,
Luis Diaz,54,2021-2022,FC Porto,Liverpool FC,Primeira Liga,Premier League,Left Winger,https://www.fotmob.com/players/860914/luis-diaz,,
Julian Alvarez,21.4,2021-2022,River Plate,Manchester City,Argentine Primera Division,Premier League,Centre-Forward,https://www.fotmob.com/players/974753/julian-alvarez,,
Scott Carson,0,2021-2022,Derby,Manchester City,Championship,Premier League,Goalkeeper,,,
Christos Tzolis,11,2021-2022,PAOK Salonika,Norwich City,Greek Super League,Premier League,Left Winger,https://www.fotmob.com/players/1157237/christos-tzolis,,
Dimitrios Giannoulis,7.5,2021-2022,PAOK Salonika,Norwich City,Greek Super League,Premier League,Left-Back,https://www.fotmob.com/players/670009/dimitrios-giannoulis,,
Tino Livramento,26.2,2021-2022,Chelsea U23,Southampton FC,Premier League 2,Premier League,Right-Back,https://www.fotmob.com/players/1107910/valentino-livramento,,
Adam Armstrong,17.7,2021-2022,Blackburn,Southampton FC,Championship,Premier League,Centre-Forward,https://www.fotmob.com/players/519835/adam-armstrong,,
Willy Caballero,0,2021-2022,Without Club,Southampton FC,,Premier League,Goalkeeper,,,
Pape Matar Sarr,16.9,2021-2022,FC Metz,Tottenham Hotspur,Ligue 1,Premier League,Central Midfield,https://www.fotmob.com/players/1107280/pape-sarr,,
Edo Kayembe,4.7,2021-2022,KAS Eupen,Watford FC,Belgian Pro League,Premier League,Central Midfield,https://www.fotmob.com/players/909803/edo-kayembe,,
Emmanuel Dennis,4,2021-2022,Club Brugge,Watford FC,Belgian Pro League,Premier League,Centre-Forward,https://www.fotmob.com/players/769673/emmanuel-dennis,,
Yaser Asprilla,3,2021-2022,Envigado,Watford FC,Colombian Primera A,Premier League,Right Winger,https://www.fotmob.com/players/1277380/yaser-asprilla,,
Mattie Pollock,0.3,2021-2022,Grimsby Town,Watford FC,League Two,Premier League,Centre-Back,https://www.fotmob.com/players/968936/matthew-pollock,,
Ashley Fletcher,0,2021-2022,Middlesbrough,Watford FC,Championship,Premier League,Centre-Forward,https://www.fotmob.com/players/716410/ashley-fletcher,,
Kwadwo Baah,0,2021-2022,Rochdale,Watford FC,League One,Premier League,Left Winger,https://www.fotmob.com/players/1097753/kwadwo-baah,,
Nicolas NKoulou,0,2021-2022,Without Club,Watford FC,,Premier League,Centre-Back,https://www.fotmob.com/players/149962/nicolas-nkoulou,,
Nikola Vlasic,30,2021-2022,CSKA Moscow,West Ham United,Russian Premier League,Premier League,Attacking Midfield,https://www.fotmob.com/players/557677/nikola-vlasic,,
Jose Sa,8,2021-2022,Olympiacos,Wolverhampton Wanderers,Greek Super League,Premier League,Goalkeeper,,,
Yerson Mosquera,5.2,2021-2022,Atl. Nacional,Wolverhampton Wanderers,Colombian Primera A,Premier League,Centre-Back,https://www.fotmob.com/players/1200657/yerson-mosquera,,
Chiquinho,3.5,2021-2022,Estoril,Wolverhampton Wanderers,Liga Portugal 2,Premier League,Left Winger,https://www.fotmob.com/players/1127007/chiquinho,,
Bendeguz Bolla,2,2021-2022,Fehervar,Wolverhampton Wanderers,NB I,Premier League,Right-Back,https://www.fotmob.com/players/888904/bendeguz-bolla,,
Sang-bin Jeong,1.2,2021-2022,Suwon Bluewings,Wolverhampton Wanderers,K League 1,Premier League,Centre-Forward,https://www.fotmob.com/players/1109166/sang-bin-jeong,,
Hayao Kawabe,0.6,2021-2022,Grasshoppers,Wolverhampton Wanderers,Swiss Super League,Premier League,Central Midfield,https://www.fotmob.com/players/435151/hayao-kawabe,,
Fabio Vieira,35,2022/23,FC Porto,Arsenal,Primeira Liga,Premier League,Attacking Midfield,https://www.fotmob.com/players/1025462/fabio-vieira,,
Matt Turner,5.9,2022/23,New England,Arsenal,MLS,Premier League,Goalkeeper,,,
Marquinhos,3.5,2022/23,Sao Paulo,Arsenal,Brasileirao,Premier League,Right Winger,https://www.fotmob.com/players/1255210/marquinhos,,
Jhon Duran,29.5,2022/23,Chicago,Aston Villa,MLS,Premier League,Centre-Forward,https://www.fotmob.com/players/1088066/jhon-duran,,
Ilya Zabarnyi,22.7,2022/23,Dynamo Kyiv,AFC Bournemouth,Ukrainian PL,Premier League,Centre-Back,https://www.fotmob.com/players/1140003/illia-zabarnyi,,
Marcos Senesi,15,2022/23,Feyenoord,AFC Bournemouth,Eredivisie,Premier League,Centre-Back,https://www.fotmob.com/players/785411/marcos-senesi,,
Marcus Tavernier,11.9,2022/23,Middlesbrough,AFC Bournemouth,Championship,Premier League,Left Winger,https://www.fotmob.com/players/789630/marcus-tavernier,,
Antoine Semenyo,10.25,2022/23,Bristol City,AFC Bournemouth,Championship,Premier League,Left Winger,https://www.fotmob.com/players/933576/antoine-semenyo,,
Joe Rothwell,0,2022/23,Blackburn,AFC Bournemouth,Championship,Premier League,Central Midfield,https://www.fotmob.com/players/613182/joe-rothwell,,
Keane Lewis-Potter,19,2022/23,Hull City,Brentford,Championship,Premier League,Left-Back,https://www.fotmob.com/players/1010426/keane-lewis-potter,,
Julio Enciso,11.6,2022/23,Libertad,Brighton,Paraguay Div.,Premier League,Attacking Midfield,https://www.fotmob.com/players/1073742/julio-enciso,,
Simon Adingra,8,2022/23,Nordsjaelland,Brighton,Superliga,Premier League,Left Winger,https://www.fotmob.com/players/1227012/simon-adingra,,
Facundo Buonanotte,6,2022/23,Rosario Central,Brighton,Primera Div.,Premier League,Attacking Midfield,https://www.fotmob.com/players/1336566/facundo-buonanotte,,
Yasin Ayari,4,2022/23,AIK,Brighton,Allsvenskan,Premier League,Central Midfield,https://www.fotmob.com/players/1168311/yasin-ayari,,
Enzo Fernandez,121,2022/23,Benfica,Chelsea,Primeira Liga,Premier League,Central Midfield,https://www.fotmob.com/players/1137705/enzo-fernandez,,
Mykhaylo Mudryk,70,2022/23,Shakhtar D.,Chelsea,Ukrainian PL,Premier League,Left Winger,https://www.fotmob.com/players/976506/mykhaylo-mudryk,,
Noni Madueke,35,2022/23,PSV Eindhoven,Chelsea,Eredivisie,Premier League,Right Winger,https://www.fotmob.com/players/1084981/noni-madueke,,
Andrey Santos,12.5,2022/23,Vasco da Gama,Chelsea,Brasileirao,Premier League,Central Midfield,https://www.fotmob.com/players/1372921/andrey-santos,,
David Datro Fofana,12,2022/23,Molde FK,Chelsea,Eliteserien,Premier League,Centre-Forward,https://www.fotmob.com/players/1207581/david-datro-fofana,,
Gabriel Slonina,9.09,2022/23,Chicago,Chelsea,MLS,Premier League,Goalkeeper,,,
Sam Johnstone,0,2022/23,West Brom,Crystal Palace,Championship,Premier League,Goalkeeper,,,
Malcolm Ebiowei,0,2022/23,Derby,Crystal Palace,League One,Premier League,Right Winger,https://www.fotmob.com/players/1308370/malcolm-ebiowei,,
Joao Palhinha,24.9,2022/23,Sporting CP,Fulham,Primeira Liga,Premier League,Defensive Midfield,https://www.fotmob.com/players/524434/joao-palhinha,,
Carlos Vinicius,5,2022/23,Benfica,Fulham,Primeira Liga,Premier League,Centre-Forward,https://www.fotmob.com/players/866201/carlos-vinicius,,
Willian,0,2022/23,Corinthians,Fulham,Brasileirao,Premier League,Left Winger,https://www.fotmob.com/players/94086/willian,,
Georginio Rutter,40.5,2022/23,TSG Hoffenheim,Leeds,Bundesliga,Premier League,Centre-Forward,https://www.fotmob.com/players/956925/georginio-rutter,,
Brenden Aaronson,32.84,2022/23,RB Salzburg,Leeds,Austrian BL,Premier League,Attacking Midfield,https://www.fotmob.com/players/952322/brenden-aaronson,,
Luis Sinisterra,25,2022/23,Feyenoord,Leeds,Eredivisie,Premier League,Left Winger,https://www.fotmob.com/players/846369/luis-sinisterra,,
Tyler Adams,17,2022/23,RB Leipzig,Leeds,Bundesliga,Premier League,Defensive Midfield,https://www.fotmob.com/players/729769/tyler-adams,,
Rasmus Kristensen,13,2022/23,RB Salzburg,Leeds,Austrian BL,Premier League,Right-Back,https://www.fotmob.com/players/722207/rasmus-kristensen,,
Marc Roca,12,2022/23,Bayern Munich,Leeds,Bundesliga,Premier League,Defensive Midfield,https://www.fotmob.com/players/640220/marc-roca,,
Maximilian Wober,12,2022/23,RB Salzburg,Leeds,Austrian BL,Premier League,Centre-Back,https://www.fotmob.com/players/701149/maximilian-wober,,
Darko Gyabi,5.8,2022/23,Man City U21,Leeds,PL2,Premier League,Central Midfield,https://www.fotmob.com/players/1125874/darko-gyabi,,
Wilfried Gnonto,4.5,2022/23,FC Zurich,Leeds,Super League,Premier League,Right Winger,https://www.fotmob.com/players/1107286/wilfried-gnonto,,
Harry Souttar,17,2022/23,Stoke City,Leicester,Championship,Premier League,Centre-Back,https://www.fotmob.com/players/671518/harry-souttar,,
Victor Kristiansen,14,2022/23,FC Copenhagen,Leicester,Superliga,Premier League,Left-Back,https://www.fotmob.com/players/1211437/victor-kristiansen,,
Alex Smithies,0,2022/23,Cardiff,Leicester,Championship,Premier League,Goalkeeper,,,
Darwin Nunez,85,2022/23,Benfica,Liverpool,Primeira Liga,Premier League,Centre-Forward,https://www.fotmob.com/players/950561/darwin-nunez,,
Cody Gakpo,42,2022/23,PSV Eindhoven,Liverpool,Eredivisie,Premier League,Left Winger,https://www.fotmob.com/players/806552/cody-gakpo,,
Calvin Ramsay,4.9,2022/23,Aberdeen FC,Liverpool,Scottish PL,Premier League,Right-Back,https://www.fotmob.com/players/1076952/calvin-ramsay,,
Sergio Gomez,15,2022/23,RSC Anderlecht,Man City,Belgian Pro Lg,Premier League,Left Winger,https://www.fotmob.com/players/844477/sergio-gomez,,
Maximo Perrone,11,2022/23,Velez Sarsfield,Man City,Primera Div.,Premier League,Defensive Midfield,https://www.fotmob.com/players/1336582/maximo-perrone,,
Stefan Ortega,0,2022/23,Arm. Bielefeld,Man City,Bundesliga 2,Premier League,Goalkeeper,,,
Antony,95,2022/23,Ajax,Man Utd,Eredivisie,Premier League,Right Winger,https://www.fotmob.com/players/967622/antony,,
Lisandro Martinez,57.37,2022/23,Ajax,Man Utd,Eredivisie,Premier League,Centre-Back,https://www.fotmob.com/players/847983/lisandro-martinez,,
Tyrell Malacia,15,2022/23,Feyenoord,Man Utd,Eredivisie,Premier League,Left-Back,https://www.fotmob.com/players/865118/tyrell-malacia,,
Harrison Ashby,3.4,2022/23,West Ham U21,Newcastle,PL2,Premier League,Right-Back,https://www.fotmob.com/players/1111611/harrison-ashby,,
Loris Karius,0,2022/23,Without Club,Newcastle,-,Premier League,Goalkeeper,,,
Taiwo Awoniyi,20.5,2022/23,Union Berlin,Nottingham Forest,Bundesliga,Premier League,Centre-Forward,https://www.fotmob.com/players/643717/taiwo-awoniyi,,
Danilo,20,2022/23,Palmeiras,Nottingham Forest,Brasileirao,Premier League,Defensive Midfield,https://www.fotmob.com/players/1181700/danilo,,
Lewis O'Brien,9.4,2022/23,Huddersfield,Nottingham Forest,Championship,Premier League,Central Midfield,https://www.fotmob.com/players/914134/lewis-obrien,,
Harry Toffolo,2.4,2022/23,Huddersfield,Nottingham Forest,Championship,Premier League,Left-Back,https://www.fotmob.com/players/575804/harry-toffolo,,
Josh Bowler,2.3,2022/23,Blackpool,Nottingham Forest,Championship,Premier League,Right Winger,https://www.fotmob.com/players/844937/josh-bowler,,
Brandon Aguilera,0.95,2022/23,LD Alajuelense,Nottingham Forest,Costa Rican PL,Premier League,Attacking Midfield,https://www.fotmob.com/players/1021336/brandon-aguilera,,
Gustavo Scarpa,0,2022/23,Palmeiras,Nottingham Forest,Brasileirao,Premier League,Attacking Midfield,https://www.fotmob.com/players/544424/gustavo-scarpa,,
Adnan Kanuric,0,2022/23,FK Sarajevo,Nottingham Forest,Premier Lg BiH,Premier League,Goalkeeper,,,
Andre Ayew,0,2022/23,Al-Sadd,Nottingham Forest,Qatar Stars Lg,Premier League,Centre-Forward,https://www.fotmob.com/players/95955/andre-ayew,,
Serge Aurier,0,2022/23,Without Club,Nottingham Forest,-,Premier League,Right-Back,https://www.fotmob.com/players/195299/serge-aurier,,
Romeo Lavia,22.26,2022/23,Man City U21,Southampton,PL2,Premier League,Defensive Midfield,https://www.fotmob.com/players/1190867/romeo-lavia,,
Paul Onuachu,18,2022/23,KRC Genk,Southampton,Belgian Pro Lg,Premier League,Centre-Forward,https://www.fotmob.com/players/412357/paul-onuachu,,
Gavin Bazunu,14,2022/23,Man City U21,Southampton,PL2,Premier League,Goalkeeper,,,
Carlos Alcaraz,13.65,2022/23,Racing Club,Southampton,Primera Div.,Premier League,Central Midfield,https://www.fotmob.com/players/1128965/carlos-alcaraz,,
Armel Bella-Kotchap,12,2022/23,VfL Bochum,Southampton,Bundesliga 2,Premier League,Centre-Back,https://www.fotmob.com/players/951765/armel-bella-kotchap,,
Sekou Mara,11.5,2022/23,G. Bordeaux,Southampton,Ligue 1,Premier League,Centre-Forward,https://www.fotmob.com/players/1177312/sekou-mara,,
Samuel Edozie,8,2022/23,Man City U21,Southampton,PL2,Premier League,Left Winger,https://www.fotmob.com/players/1130774/samuel-edozie,,
Duje Caleta-Car,8,2022/23,Marseille,Southampton,Ligue 1,Premier League,Centre-Back,https://www.fotmob.com/players/557799/duje-caleta-car,,
Joe Aribo,7.1,2022/23,Rangers,Southampton,Scottish PL,Premier League,Central Midfield,https://www.fotmob.com/players/798659/joe-aribo,,
Juan Larios,7,2022/23,Man City U21,Southampton,PL2,Premier League,Left-Back,https://www.fotmob.com/players/1195885/juan-larios,,
Mislav Orsic,5.75,2022/23,Dinamo Zagreb,Southampton,Croatian 1.HNL,Premier League,Left Winger,,,
James Bree,0.85,2022/23,Luton,Southampton,Championship,Premier League,Right-Back,https://www.fotmob.com/players/539939/james-bree,,
Mateusz Lis,0,2022/23,Altay SK,Southampton,Super Lig,Premier League,Goalkeeper,,,
Djed Spence,14.7,2022/23,Middlesbrough,Tottenham,Championship,Premier League,Left-Back,https://www.fotmob.com/players/894803/djed-spence,,
Flynn Downes,10.65,2022/23,Swansea,West Ham,Championship,Premier League,Defensive Midfield,https://www.fotmob.com/players/844943/flynn-downes,,
Matheus Nunes,47.4,2022/23,Sporting CP,Wolves,Primeira Liga,Premier League,Central Midfield,https://www.fotmob.com/players/955529/matheus-nunes,,
Joao Gomes,18.7,2022/23,Flamengo,Wolves,Brasileirao,Premier League,Central Midfield,https://www.fotmob.com/players/1174672/joao-gomes,,
Daniel Bentley,0.057,2022/23,Bristol City,Wolves,Championship,Premier League,Goalkeeper,,,
Diego Costa,0,2022/23,Without Club,Wolves,-,Premier League,Centre-Forward,https://www.fotmob.com/players/19243/diego-costa,,
